n_nodes,seed,algorithm,rounds,ms_per_round,evals_per_round,scenario
100,42,DEAI-PSO,100,13.988813999676495,648.0,BP1_100nodes
100,42,Hybrid GWO-ABC (Eq. 12),100,28.256784999975935,623.74,BP1_100nodes
100,42,GWO (Eq. 12),100,13.018320000119274,620.0,BP1_100nodes
100,42,ABC (Eq. 12),100,20.34196900029201,614.2,BP1_100nodes
100,42,Hybrid GWO-ABC,100,28.240372999862302,623.18,BP1_100nodes
100,42,LEACH,100,0.011011000387952663,0.0,BP1_100nodes
100,43,Hybrid GWO-ABC (Eq. 12),100,26.451492000123835,623.76,BP1_100nodes
100,43,GWO (Eq. 12),100,13.091976999858161,620.0,BP1_100nodes
100,43,ABC (Eq. 12),100,20.982793999864953,614.74,BP1_100nodes
100,43,Hybrid GWO-ABC,100,28.233028999675298,623.69,BP1_100nodes
100,43,LEACH,100,0.01092400008928962,0.0,BP1_100nodes
100,43,DEAI-PSO,100,14.7278239998559,648.0,BP1_100nodes
100,44,GWO (Eq. 12),100,13.121328000561334,620.0,BP1_100nodes
100,44,ABC (Eq. 12),100,19.825889999774517,614.36,BP1_100nodes
100,44,Hybrid GWO-ABC,100,27.30836399969121,623.2,BP1_100nodes
100,44,LEACH,100,0.010274000160279684,0.0,BP1_100nodes
100,44,DEAI-PSO,100,15.301764000105322,648.0,BP1_100nodes
100,44,Hybrid GWO-ABC (Eq. 12),100,27.47965899994597,623.88,BP1_100nodes
100,45,ABC (Eq. 12),100,20.570827999908943,614.73,BP1_100nodes
100,45,Hybrid GWO-ABC,100,27.51392099999066,623.39,BP1_100nodes
100,45,LEACH,100,0.011111000058008358,0.0,BP1_100nodes
100,45,DEAI-PSO,100,14.300407000482664,648.0,BP1_100nodes
100,45,Hybrid GWO-ABC (Eq. 12),100,26.875828000047477,623.79,BP1_100nodes
100,45,GWO (Eq. 12),100,12.995716000150423,620.0,BP1_100nodes
100,46,Hybrid GWO-ABC,100,29.20059600044624,622.73,BP1_100nodes
100,46,LEACH,100,0.010534000175539404,0.0,BP1_100nodes
100,46,DEAI-PSO,100,15.009531999749015,648.0,BP1_100nodes
100,46,Hybrid GWO-ABC (Eq. 12),100,27.061692999850493,623.21,BP1_100nodes
100,46,GWO (Eq. 12),100,13.03019500002847,620.0,BP1_100nodes
100,46,ABC (Eq. 12),100,21.438760999881197,614.39,BP1_100nodes
160,42,DEAI-PSO,100,32.540912000331446,648.0,BP2_160nodes
160,42,Hybrid GWO-ABC (Eq. 12),100,36.84572999998636,619.04,BP2_160nodes
160,42,GWO (Eq. 12),100,20.414624999539228,620.0,BP2_160nodes
160,42,ABC (Eq. 12),100,26.515295999925,611.57,BP2_160nodes
160,42,Hybrid GWO-ABC,100,32.441417000009096,617.51,BP2_160nodes
160,42,LEACH,100,0.01211700051499065,0.0,BP2_160nodes
160,43,Hybrid GWO-ABC (Eq. 12),100,32.84434199958923,619.11,BP2_160nodes
160,43,GWO (Eq. 12),100,21.35566800025117,620.0,BP2_160nodes
160,43,ABC (Eq. 12),100,26.890582000487484,611.74,BP2_160nodes
160,43,Hybrid GWO-ABC,100,38.30554899977869,617.67,BP2_160nodes
160,43,LEACH,100,0.014597999906982295,0.0,BP2_160nodes
160,43,DEAI-PSO,100,38.398097999888705,648.0,BP2_160nodes
160,44,GWO (Eq. 12),100,23.130595999828074,620.0,BP2_160nodes
160,44,ABC (Eq. 12),100,25.291300999961095,611.71,BP2_160nodes
160,44,Hybrid GWO-ABC,100,31.451075999793826,617.42,BP2_160nodes
160,44,LEACH,100,0.011547000030986965,0.0,BP2_160nodes
160,44,DEAI-PSO,100,31.368253000036926,648.0,BP2_160nodes
160,44,Hybrid GWO-ABC (Eq. 12),100,31.59864899993409,619.0,BP2_160nodes
160,45,ABC (Eq. 12),100,26.108749000777607,611.79,BP2_160nodes
160,45,Hybrid GWO-ABC,100,32.08245599969814,618.37,BP2_160nodes
160,45,LEACH,100,0.016723999651730992,0.0,BP2_160nodes
160,45,DEAI-PSO,100,29.072129000123823,648.0,BP2_160nodes
160,45,Hybrid GWO-ABC (Eq. 12),100,31.27213099993242,619.41,BP2_160nodes
160,45,GWO (Eq. 12),100,19.25274800043553,620.0,BP2_160nodes
160,46,Hybrid GWO-ABC,100,31.297804999703658,617.53,BP2_160nodes
160,46,LEACH,100,0.01083499999367632,0.0,BP2_160nodes
160,46,DEAI-PSO,100,30.049559000035515,648.0,BP2_160nodes
160,46,Hybrid GWO-ABC (Eq. 12),100,37.25585599990154,618.73,BP2_160nodes
160,46,GWO (Eq. 12),100,19.16127399977995,620.0,BP2_160nodes
160,46,ABC (Eq. 12),100,24.178484000076423,611.46,BP2_160nodes
200,42,DEAI-PSO,100,41.28172699958668,648.0,BP3_200nodes
200,42,Hybrid GWO-ABC (Eq. 12),100,33.74286500016751,618.05,BP3_200nodes
200,42,GWO (Eq. 12),100,20.386384000012185,620.0,BP3_200nodes
200,42,ABC (Eq. 12),100,28.846577999793226,612.02,BP3_200nodes
200,42,Hybrid GWO-ABC,100,34.216356000179076,617.01,BP3_200nodes
200,42,LEACH,100,0.011572000075830147,0.0,BP3_200nodes
200,43,Hybrid GWO-ABC (Eq. 12),100,32.04108699996141,618.53,BP3_200nodes
200,43,GWO (Eq. 12),100,18.813084000503295,620.0,BP3_200nodes
200,43,ABC (Eq. 12),100,25.506630999734625,612.33,BP3_200nodes
200,43,Hybrid GWO-ABC,100,33.54751599996234,618.04,BP3_200nodes
200,43,LEACH,100,0.011515999867697246,0.0,BP3_200nodes
200,43,DEAI-PSO,100,33.74880499970459,648.0,BP3_200nodes
200,44,GWO (Eq. 12),100,19.13715000002412,620.0,BP3_200nodes
200,44,ABC (Eq. 12),100,26.079085000164923,612.33,BP3_200nodes
200,44,Hybrid GWO-ABC,100,33.9385620001849,617.17,BP3_200nodes
200,44,LEACH,100,0.012048000426148064,0.0,BP3_200nodes
200,44,DEAI-PSO,100,32.63764000002993,648.0,BP3_200nodes
200,44,Hybrid GWO-ABC (Eq. 12),100,32.85252899979241,619.01,BP3_200nodes
200,45,ABC (Eq. 12),100,26.566296000310103,611.65,BP3_200nodes
200,45,Hybrid GWO-ABC,100,34.15270199984661,616.76,BP3_200nodes
200,45,LEACH,100,0.012163000355940312,0.0,BP3_200nodes
200,45,DEAI-PSO,100,41.83911599982821,648.0,BP3_200nodes
200,45,Hybrid GWO-ABC (Eq. 12),100,33.420180000102846,617.73,BP3_200nodes
200,45,GWO (Eq. 12),100,20.025869000237435,620.0,BP3_200nodes
200,46,Hybrid GWO-ABC,100,33.82379499991657,617.22,BP3_200nodes
200,46,LEACH,100,0.012364999711280689,0.0,BP3_200nodes
200,46,DEAI-PSO,100,37.95301400023163,648.0,BP3_200nodes
200,46,Hybrid GWO-ABC (Eq. 12),100,35.62147200012987,618.27,BP3_200nodes
200,46,GWO (Eq. 12),100,19.311085999434,620.0,BP3_200nodes
200,46,ABC (Eq. 12),100,25.427191000198945,611.86,BP3_200nodes
