scenario,algorithm,fnd,hnd,lnd,node_rounds,residual_energy_cp,energy_consumed_cp,throughput_packets,pdr,avg_cluster_distance,avg_ch_bs_distance,cluster_imbalance,final_fitness,runtime,runtime_per_round,evaluations
S1_100nodes,Random,806.9,1125.15,1321.25,110942.5,27.750139336186106,22.24986066381389,109907.4,0.9897776675019262,25.054675874128552,38.5454286653452,0.4832612790053454,0.2904062193690203,0.5570112650140799,0.421660266829881,0.0
S1_100nodes,LEACH,891.5,1104.25,1286.85,109969.75,27.39545861769589,22.604541382304106,108882.65,0.9892158344530427,27.07288923359967,38.55378549093485,0.44712709475135304,1.330897381836092,0.05626492499250156,0.04373856780580341,0.0
S1_100nodes,GWO,1126.35,1137.5,1162.05,113785.9,28.11007144310073,21.88992855689927,113714.8,0.9984982589580238,22.498682468279863,38.28208373194987,0.1738676984817804,0.24160003780817263,54.537182495029626,46.94408014690485,720471.0
S1_100nodes,ABC,1125.45,1137.8,1162.4,113791.0,28.112834483413145,21.887165516586855,113732.5,0.9986082607241521,22.469771763292457,38.27761340224563,0.15596164285121186,0.2402173962556322,101.17395780502048,87.03076404518536,725708.6
S1_100nodes,Hybrid GWO-ABC,1127.65,1137.65,1158.35,113768.4,28.102014299618865,21.897985700381135,113661.6,0.9981839674212878,22.562637523245307,38.22504796307222,0.14828959183901722,0.23871855317933116,132.14811948501702,114.0369508530224,726941.85
S2_200nodes,LEACH,921.1,1148.5,1400.8,230817.0,56.92566531081161,43.07433468918839,228269.0,0.9881048584792749,18.15515750548856,38.12791190650411,0.5252870253255237,1.0819347108135817,0.08058975997919329,0.057540219310319385,0.0
S2_200nodes,GWO,1164.0,1175.5,1214.7,235001.0,57.513555939951424,42.486444060048576,234516.9,0.9970912781709623,15.504627213841246,37.82483444528961,0.2064658701197542,0.2259165153099465,93.5460615399974,77.02893906826208,753114.0
S2_200nodes,ABC,1162.0,1175.4,1205.3,234938.8,57.506886255961476,42.49311374403852,234452.2,0.9970799319299024,15.495663299715858,37.935228377032615,0.2121108242521837,0.23111401716014557,141.80364832999985,117.64714015007853,744880.2
S2_200nodes,Hybrid GWO-ABC,1161.5,1174.3,1200.2,234730.8,57.472563585041506,42.527436414958494,234129.6,0.9965888344891065,15.712734684709977,37.70314339586086,0.17163892583148005,0.22295985066548632,176.5233084399959,147.10096259253703,746660.4
S3_300nodes,LEACH,939.6,1164.1,1440.5,352307.0,86.39002538708066,63.609974612919345,348250.5,0.9876447537550105,14.370408172338452,38.38288900065768,0.5520399473539999,0.5005282986402487,0.09279147999259289,0.06441798789508858,0.0
S3_300nodes,GWO,1173.7,1188.0,1243.5,356124.6,86.89420379161729,63.105796208382706,355022.4,0.9960663589399672,12.447878508585315,37.706665728634576,0.21866898859582679,0.2160519964252372,334.23589785998666,272.49014648425873,770970.0
S3_300nodes,ABC,1172.0,1187.2,1228.6,355872.5,86.8484136148839,63.151586385116104,354710.7,0.9958958368879053,12.56800346757155,37.88237250218901,0.23959722665920785,0.22445338339804102,388.1950425499734,317.91959802238534,755939.1
S3_300nodes,Hybrid GWO-ABC,1173.2,1187.2,1235.7,355892.8,86.85848749568375,63.14151250431625,354664.5,0.9957092714545175,12.584062279543726,37.64611905782037,0.18284636859276393,0.21256321334311648,608.0235178599876,498.2741366914532,765169.7
S4_100nodes_BS_edge,LEACH,876.1,1091.0,1345.2,108757.9,27.11666192729234,22.88333807270766,107609.3,0.9885303046128284,26.839658714186818,59.729730923574515,0.44895355009455046,1.2909057378943547,0.052410909997342915,0.03897347995601766,0.0
S4_100nodes_BS_edge,GWO,1118.3,1127.6,1142.8,112736.1,27.89584125804859,22.104158741951412,112578.3,0.9977162470017223,22.247173500152016,56.80626184445555,0.17547655982436397,0.23371014610170704,46.00580847001693,40.253468635084765,708536.0
S4_100nodes_BS_edge,ABC,1116.8,1127.7,1139.4,112733.4,27.900397717531696,22.099602282468307,112631.2,0.9982082599897245,22.205081165355143,56.99291064481149,0.15282960660758835,0.23163721638445667,83.0057014900176,72.84046608139826,710439.7
S4_100nodes_BS_edge,Hybrid GWO-ABC,1116.9,1126.4,1139.2,112607.1,27.870690347883574,22.129309652116426,112426.6,0.9975110558598373,22.43655065603408,57.13468634750903,0.13883474560013687,0.22961991648505817,107.4142439900057,94.27693494339125,714040.5
S5_100nodes_BS_outside,LEACH,703.0,894.9,1217.6,91223.0,22.50636419356559,27.493635806434412,90375.3,0.9895801384259892,26.839658714186818,129.0297480863308,0.44895355009455046,1.3036059632253867,0.04921356001214004,0.04041505674607536,0.0
S5_100nodes_BS_outside,GWO,962.9,978.9,990.6,97748.4,24.399354439743902,25.600645560256094,97520.0,0.9966464816954769,23.43237982908397,121.25616937166915,0.18418155680322051,0.24295299008949023,42.61537378000721,43.03616482277081,614172.0
S5_100nodes_BS_outside,ABC,961.5,978.5,989.9,97698.9,24.39612712831293,25.60387287168707,97526.2,0.9972057869765688,23.277160985568496,121.52032413846125,0.15540860656689703,0.23901235433254944,76.73852458000366,77.47526529851518,617280.4
S5_100nodes_BS_outside,Hybrid GWO-ABC,963.3,977.5,989.3,97652.3,24.384927452759236,25.61507254724076,97453.7,0.9969431115123308,23.328411894587347,121.60564172357401,0.13896760247451406,0.2363597921495116,100.61156554999835,101.61704789943305,619136.2
