n_nodes,seed,algorithm,rounds,ms_per_round,evals_per_round
100,42,LEACH,100,0.009886999978334643,0.0
100,42,GWO,100,11.693825999682304,620.0
100,42,ABC,100,21.05891699968197,622.36
100,42,Hybrid GWO-ABC,100,27.802939000030165,624.97
100,43,GWO,100,11.65000400003919,620.0
100,43,ABC,100,21.53055900009349,622.39
100,43,Hybrid GWO-ABC,100,27.724374999597785,624.95
100,43,LEACH,100,0.010578000146779232,0.0
100,44,ABC,100,21.374313000414986,621.75
100,44,Hybrid GWO-ABC,100,27.759830999857513,624.21
100,44,LEACH,100,0.010394999844720587,0.0
100,44,GWO,100,12.182475000081467,620.0
100,45,Hybrid GWO-ABC,100,27.779479999735486,625.19
100,45,LEACH,100,0.010379000232205726,0.0
100,45,GWO,100,11.993537000380456,620.0
100,45,ABC,100,21.720253000530647,622.27
100,46,LEACH,100,0.010742000304162502,0.0
100,46,GWO,100,11.938651000455138,620.0
100,46,ABC,100,21.837542000139365,622.06
100,46,Hybrid GWO-ABC,100,28.192798000163748,625.36
200,42,LEACH,100,0.011214000478503294,0.0
200,42,GWO,100,20.091362000312074,620.0
200,42,ABC,100,27.954181000313838,616.61
200,42,Hybrid GWO-ABC,100,36.143707999945036,619.99
200,43,GWO,100,19.711759000638267,620.0
200,43,ABC,100,28.227953000096022,616.64
200,43,Hybrid GWO-ABC,100,35.18377299995336,619.21
200,43,LEACH,100,0.012062999958288856,0.0
200,44,ABC,100,28.512241000134964,616.98
200,44,Hybrid GWO-ABC,100,36.108511999991606,619.94
200,44,LEACH,100,0.01169000010122545,0.0
200,44,GWO,100,19.99308799939172,620.0
200,45,Hybrid GWO-ABC,100,35.8574930002942,619.97
200,45,LEACH,100,0.011414000109652989,0.0
200,45,GWO,100,19.791380000460777,620.0
200,45,ABC,100,28.414863999787485,616.46
200,46,LEACH,100,0.011302000057185069,0.0
200,46,GWO,100,19.84839999982796,620.0
200,46,ABC,100,28.360787000710843,617.1
200,46,Hybrid GWO-ABC,100,35.49647300002107,619.6
300,42,LEACH,100,0.01301999989664182,0.0
300,42,GWO,100,31.289060999552017,620.0
300,42,ABC,100,38.03028600043035,614.36
300,42,Hybrid GWO-ABC,100,45.791719000189914,617.28
300,43,GWO,100,31.80775800006813,620.0
300,43,ABC,100,37.92018200023449,614.49
300,43,Hybrid GWO-ABC,100,45.69321699993452,617.32
300,43,LEACH,100,0.012543000266305171,0.0
300,44,ABC,100,37.93132600017998,614.95
300,44,Hybrid GWO-ABC,100,44.858396000781795,617.87
300,44,LEACH,100,0.01366300020890776,0.0
300,44,GWO,100,33.382404999574646,620.0
300,45,Hybrid GWO-ABC,100,59.01697600027546,617.36
300,45,LEACH,100,0.0517050002963515,0.0
300,45,GWO,100,86.63987900014035,620.0
300,45,ABC,100,149.03669299987087,614.72
300,46,LEACH,100,0.014604000534745865,0.0
300,46,GWO,100,33.52158299967414,620.0
300,46,ABC,100,41.56759900011821,614.8
300,46,Hybrid GWO-ABC,100,48.79831000071135,617.44
