,GWO only,ABC only,GWO->ABC,ABC->GWO,Hybrid w/o energy,Hybrid w/o distance,Hybrid w/o balance,Full Hybrid GWO-ABC
FND (rounds),"1,126 ± 7","1,124 ± 9","1,126 ± 8","1,128 ± 8","1,116 ± 11","1,132 ± 7","1,130 ± 5","1,128 ± 7"
HND (rounds),"1,138 ± 7","1,138 ± 7","1,137 ± 7","1,137 ± 7","1,132 ± 8","1,140 ± 7","1,146 ± 5","1,138 ± 7"
LND (rounds),"1,162 ± 12","1,165 ± 8","1,161 ± 9","1,160 ± 13","1,302 ± 96","1,150 ± 6","1,155 ± 4","1,158 ± 13"
Residual Energy (J),28.115 ± 0.094,28.118 ± 0.106,28.107 ± 0.113,28.100 ± 0.099,28.077 ± 0.113,28.101 ± 0.098,28.160 ± 0.089,28.105 ± 0.109
Energy Consumption (J),21.885 ± 0.094,21.882 ± 0.106,21.893 ± 0.113,21.900 ± 0.099,21.923 ± 0.113,21.899 ± 0.098,21.840 ± 0.089,21.895 ± 0.109
Throughput (packets),"113,713 ± 627","113,780 ± 640","113,667 ± 661","113,696 ± 641","113,070 ± 751","113,676 ± 635","114,244 ± 455","113,637 ± 663"
PDR (ratio),0.9986 ± 0.0004,0.9988 ± 0.0003,0.9985 ± 0.0005,0.9986 ± 0.0004,0.9972 ± 0.0011,0.9969 ± 0.0007,0.9979 ± 0.0006,0.9981 ± 0.0006
Avg. Cluster Distance (m),22.465 ± 0.765,22.440 ± 0.855,22.515 ± 0.886,22.568 ± 0.798,22.745 ± 0.891,22.609 ± 0.724,22.226 ± 0.773,22.546 ± 0.871
Avg. CH-BS Distance (m),37.925 ± 1.093,37.956 ± 1.072,37.876 ± 1.118,37.891 ± 1.118,37.817 ± 1.142,37.675 ± 1.122,38.755 ± 1.017,37.863 ± 1.160
Runtime (s),181.94 ± 408.87,506.66 ± 556.98,152.73 ± 240.97,149.41 ± 242.00,554.02 ± 557.89,460.83 ± 557.01,538.25 ± 558.56,536.72 ± 558.48
Final Fitness (-),0.2467 ± 0.0128,0.2457 ± 0.0135,0.2453 ± 0.0126,0.2474 ± 0.0126,0.2470 ± 0.0136,0.2232 ± 0.0118,0.2703 ± 0.0127,0.2439 ± 0.0128
