algorithm,metric,n,mean,std,min,median,max
Hybrid GWO-ABC,fnd,1,1132.0,0.0,1132.0,1132.0,1132.0
Hybrid GWO-ABC,hnd,1,1146.0,0.0,1146.0,1146.0,1146.0
Hybrid GWO-ABC,lnd,1,1160.0,0.0,1160.0,1160.0,1160.0
Hybrid GWO-ABC,node_rounds,1,114576.0,0.0,114576.0,114576.0,114576.0
Hybrid GWO-ABC,residual_energy_cp,1,28.2100360217735,0.0,28.2100360217735,28.2100360217735,28.2100360217735
Hybrid GWO-ABC,energy_consumed_cp,1,21.7899639782265,0.0,21.7899639782265,21.7899639782265,21.7899639782265
Hybrid GWO-ABC,throughput_packets,1,114457.0,0.0,114457.0,114457.0,114457.0
Hybrid GWO-ABC,pdr,1,0.9980902717220691,0.0,0.9980902717220691,0.9980902717220691,0.9980902717220691
Hybrid GWO-ABC,avg_cluster_distance,1,21.717517709296864,0.0,21.717517709296864,21.717517709296864,21.717517709296864
Hybrid GWO-ABC,avg_ch_bs_distance,1,37.211609458693694,0.0,37.211609458693694,37.211609458693694,37.211609458693694
Hybrid GWO-ABC,cluster_imbalance,1,0.15128512308458247,0.0,0.15128512308458247,0.15128512308458247,0.15128512308458247
Hybrid GWO-ABC,final_fitness,1,0.23957350571580852,0.0,0.23957350571580852,0.23957350571580852,0.23957350571580852
Hybrid GWO-ABC,runtime,1,29.725302200153237,0.0,29.725302200153237,29.725302200153237,29.725302200153237
Hybrid GWO-ABC,runtime_per_round,1,25.62526051737348,0.0,25.62526051737348,25.62526051737348,25.62526051737348
Hybrid GWO-ABC,evaluations,1,727486.0,0.0,727486.0,727486.0,727486.0
