state_round,run,seed,algorithm,initial_fitness,final_fitness,evaluations,time_s,transfers,feedbacks
0,0,42,GWO,0.22979369500205032,0.1708361337209133,620,0.010900000001129229,,
0,0,42,ABC,0.238615450215732,0.16292784527960874,621,0.018009499999607215,,
0,0,42,Hybrid GWO-ABC,0.238615450215732,0.1642939665873122,621,0.02313059999869438,18.0,10.0
0,1,43,GWO,0.1782512928097802,0.15927115373616416,620,0.011825199999293545,,
0,1,43,ABC,0.2336982014136129,0.15632024183594984,623,0.01890050000292831,,
0,1,43,Hybrid GWO-ABC,0.2336982014136129,0.1548640126824623,623,0.02385860000140383,19.0,10.0
0,2,44,GWO,0.23752693241432463,0.19433484201117357,620,0.010317299998860108,,
0,2,44,ABC,0.26332825389300696,0.19878184191432857,620,0.01844350000101258,,
0,2,44,Hybrid GWO-ABC,0.26332825389300696,0.173936838878108,622,0.024275700001453515,24.0,8.0
0,3,45,GWO,0.23871394087389036,0.17531821732329417,620,0.009747100000822684,,
0,3,45,ABC,0.24422921252487753,0.16836285018698913,622,0.017953099999431288,,
0,3,45,Hybrid GWO-ABC,0.24422921252487753,0.15518121477119629,624,0.023165899998275563,24.0,9.0
0,4,46,GWO,0.2074375448983211,0.19985514972334092,620,0.010046300001704367,,
0,4,46,ABC,0.21798324368258287,0.20877747620414328,625,0.01963439999963157,,
0,4,46,Hybrid GWO-ABC,0.21798324368258287,0.18408561366705276,624,0.02364590000070166,23.0,8.0
0,5,47,GWO,0.2427667185892653,0.17682108278545403,620,0.012326500000199303,,
0,5,47,ABC,0.22447749853893317,0.15048965313507034,622,0.06494100000054459,,
0,5,47,Hybrid GWO-ABC,0.22447749853893317,0.15949163904021757,624,0.02425000000221189,22.0,5.0
0,6,48,GWO,0.23037296936721244,0.16615972853682393,620,0.013819899999361951,,
0,6,48,ABC,0.21552868739364264,0.14247587118697855,620,0.01680119999946328,,
0,6,48,Hybrid GWO-ABC,0.21552868739364264,0.15345502821078325,620,0.02229300000180956,24.0,12.0
0,7,49,GWO,0.2507278870179657,0.1993070067114016,620,0.009696599998278543,,
0,7,49,ABC,0.2749694119081634,0.18809233638059072,621,0.017331600000034086,,
0,7,49,Hybrid GWO-ABC,0.2749694119081634,0.17489662747261658,626,0.022535700001753867,23.0,8.0
0,8,50,GWO,0.2057421690823908,0.1732042576833639,620,0.010247900001559174,,
0,8,50,ABC,0.23155551532096458,0.19620629759666167,619,0.016697900002327515,,
0,8,50,Hybrid GWO-ABC,0.23155551532096458,0.15403924800339824,625,0.023051600001053885,18.0,8.0
0,9,51,GWO,0.22943731140730322,0.1855365047311665,620,0.009865699998044875,,
0,9,51,ABC,0.21615857068919267,0.1729865553332687,623,0.01702129999830504,,
0,9,51,Hybrid GWO-ABC,0.21615857068919267,0.1684377554098686,619,0.02178030000141007,16.0,5.0
0,10,52,GWO,0.26249000058969285,0.16939627949034167,620,0.010065499998745508,,
0,10,52,ABC,0.20741704181792286,0.15825895353281041,619,0.017822300000261748,,
0,10,52,Hybrid GWO-ABC,0.20741704181792286,0.1543860482408592,625,0.022841699999844423,22.0,8.0
0,11,53,GWO,0.21505080835470303,0.15010896722014233,620,0.009821499999816297,,
0,11,53,ABC,0.2559014771125032,0.16862068363058755,622,0.022383100000297418,,
0,11,53,Hybrid GWO-ABC,0.2559014771125032,0.16300997957993008,627,0.023182799999631243,25.0,6.0
0,12,54,GWO,0.2266416820064059,0.17044487530239952,620,0.010754499999166,,
0,12,54,ABC,0.22910238474031439,0.169861490051452,621,0.01740570000038133,,
0,12,54,Hybrid GWO-ABC,0.22910238474031439,0.15463444664040993,617,0.02239679999911459,23.0,10.0
0,13,55,GWO,0.22832636409626753,0.1660015320590491,620,0.009918499999912456,,
0,13,55,ABC,0.2479571250663609,0.1657139888484878,622,0.016539800002647098,,
0,13,55,Hybrid GWO-ABC,0.2479571250663609,0.16535315006635526,627,0.02317370000309893,25.0,5.0
0,14,56,GWO,0.25464974322417866,0.178524377408471,620,0.009890400000585942,,
0,14,56,ABC,0.22941621545392882,0.16002142736276798,623,0.017679699998552678,,
0,14,56,Hybrid GWO-ABC,0.22941621545392882,0.1525077964232053,625,0.023373500000161584,20.0,7.0
0,15,57,GWO,0.22065985737462415,0.17307013490535464,620,0.0105368999975326,,
0,15,57,ABC,0.22842648955504444,0.16143799196309747,621,0.017083099999581464,,
0,15,57,Hybrid GWO-ABC,0.22842648955504444,0.16820288097393474,623,0.022185500001796754,18.0,11.0
0,16,58,GWO,0.21425189179268406,0.15721211727126544,620,0.010034999999334104,,
0,16,58,ABC,0.1994836679627465,0.16226906275255146,620,0.017213499999343185,,
0,16,58,Hybrid GWO-ABC,0.1994836679627465,0.1529457157273628,623,0.022504600001411745,20.0,6.0
0,17,59,GWO,0.21038532760463055,0.1736563782755918,620,0.010041200002888218,,
0,17,59,ABC,0.23875183003301373,0.16126903051587868,623,0.016910700000153156,,
0,17,59,Hybrid GWO-ABC,0.23875183003301373,0.14410639117308552,624,0.022196900001290487,23.0,8.0
0,18,60,GWO,0.2336906139028935,0.1648198975680113,620,0.010142099999939092,,
0,18,60,ABC,0.254990384164121,0.1726454066415888,622,0.01719539999976405,,
0,18,60,Hybrid GWO-ABC,0.254990384164121,0.14783388951180584,621,0.02304999999978463,22.0,13.0
0,19,61,GWO,0.24736326120613358,0.16733489228352144,620,0.00967790000140667,,
0,19,61,ABC,0.20357427610612877,0.16134822172081417,622,0.017663200000242796,,
0,19,61,Hybrid GWO-ABC,0.20357427610612877,0.1642464664244782,625,0.023667999997996958,26.0,8.0
500,0,42,GWO,0.27115547634111414,0.21625796720733909,620,0.011026899999706075,,
500,0,42,ABC,0.3058037852291966,0.21519344170280025,621,0.01922550000017509,,
500,0,42,Hybrid GWO-ABC,0.3058037852291966,0.2097313332820761,621,0.023615800000698073,21.0,11.0
500,1,43,GWO,0.25798970517283126,0.19474595819203613,620,0.009894200000417186,,
500,1,43,ABC,0.31068726067040836,0.2117425813687867,623,0.01687569999921834,,
500,1,43,Hybrid GWO-ABC,0.30239924851785616,0.18843420587416188,622,0.023504600001615472,25.0,9.0
500,2,44,GWO,0.30668651663263896,0.217479582146524,620,0.010567200002697064,,
500,2,44,ABC,0.3218670362148821,0.22183905538386428,621,0.021229699999821605,,
500,2,44,Hybrid GWO-ABC,0.3218670362148821,0.21968047318327494,625,0.023556600001029437,17.0,7.0
500,3,45,GWO,0.25604974968305944,0.23841631766085233,620,0.01003850000051898,,
500,3,45,ABC,0.29087842010166237,0.225690207199158,620,0.01947199999995064,,
500,3,45,Hybrid GWO-ABC,0.29087842010166237,0.22844972357493964,626,0.02423839999755728,21.0,4.0
500,4,46,GWO,0.30973163447573326,0.2595650939108908,620,0.011406099998566788,,
500,4,46,ABC,0.3372465785923431,0.2479884276831579,622,0.01838309999948251,,
500,4,46,Hybrid GWO-ABC,0.33478068196795957,0.2269727211256574,624,0.024919299998146016,23.0,6.0
500,5,47,GWO,0.29532764455448945,0.20244592623690438,620,0.010035199997219024,,
500,5,47,ABC,0.3099529753816649,0.22440520836996022,625,0.01798899999994319,,
500,5,47,Hybrid GWO-ABC,0.3099529753816649,0.19242746582965908,622,0.02234090000274591,20.0,8.0
500,6,48,GWO,0.27157854218338784,0.22331392713026021,620,0.010181699999520788,,
500,6,48,ABC,0.25671258606497477,0.21111611058487267,623,0.018064999996568076,,
500,6,48,Hybrid GWO-ABC,0.25671258606497477,0.19149913709615815,626,0.023121000001992797,19.0,8.0
500,7,49,GWO,0.29761892555086866,0.24296878980729267,620,0.01164490000155638,,
500,7,49,ABC,0.32025333267282585,0.24797929855782774,620,0.018578600000182632,,
500,7,49,Hybrid GWO-ABC,0.32025333267282585,0.2248559367263695,623,0.02315959999759798,27.0,8.0
500,8,50,GWO,0.2847034867694848,0.2413423591462613,620,0.010708999998314539,,
500,8,50,ABC,0.2933578672130481,0.2213730156068402,619,0.01793050000196672,,
500,8,50,Hybrid GWO-ABC,0.2933578672130481,0.21564929510234787,626,0.023809199999959674,28.0,4.0
500,9,51,GWO,0.22390051146498732,0.2062786276583508,620,0.010257800000545103,,
500,9,51,ABC,0.2932435911767394,0.22186053323402044,623,0.02015699999901699,,
500,9,51,Hybrid GWO-ABC,0.285078200835912,0.2131555539648446,620,0.022964100000535836,23.0,11.0
500,10,52,GWO,0.23835358186042577,0.20599181308335804,620,0.009963799999241019,,
500,10,52,ABC,0.2409283103787518,0.19718612985435507,621,0.01744719999987865,,
500,10,52,Hybrid GWO-ABC,0.2409283103787518,0.17927853405731256,624,0.02412019999974291,26.0,6.0
500,11,53,GWO,0.26505567877417446,0.21510143349901573,620,0.010902200003329199,,
500,11,53,ABC,0.2871156855777071,0.2047458958902408,619,0.018749599999864586,,
500,11,53,Hybrid GWO-ABC,0.2871156855777071,0.1885726399755967,624,0.024278199998661876,27.0,9.0
500,12,54,GWO,0.25583952455974673,0.21218875949300584,620,0.010476099996594712,,
500,12,54,ABC,0.2837442027944589,0.2063477874503834,619,0.0178630999980669,,
500,12,54,Hybrid GWO-ABC,0.2837442027944589,0.19838925403754815,625,0.024895700000342913,29.0,7.0
500,13,55,GWO,0.29469952422542556,0.23473243208149783,620,0.009932600001775427,,
500,13,55,ABC,0.3042697318196009,0.2200732299850172,623,0.01830859999972745,,
500,13,55,Hybrid GWO-ABC,0.3042697318196009,0.20714451912339238,628,0.025270999998610932,26.0,3.0
500,14,56,GWO,0.27369497271267074,0.21783421637259998,620,0.010692399999243207,,
500,14,56,ABC,0.21922506317532098,0.18866074894545432,619,0.01824060000217287,,
500,14,56,Hybrid GWO-ABC,0.21922506317532098,0.1939192150307669,626,0.023351499999989755,20.0,4.0
500,15,57,GWO,0.25719472061488213,0.2260348528051492,620,0.010543499996856553,,
500,15,57,ABC,0.2805803698531293,0.20506474010611253,622,0.01871269999901415,,
500,15,57,Hybrid GWO-ABC,0.27085044142826403,0.20506474010611253,625,0.02297309999994468,20.0,8.0
500,16,58,GWO,0.26901396203913974,0.1949987125349218,620,0.01118250000217813,,
500,16,58,ABC,0.2722520427607623,0.2000070645678419,624,0.018321999999898253,,
500,16,58,Hybrid GWO-ABC,0.2722520427607623,0.20767739682381073,626,0.022715299997798866,22.0,10.0
500,17,59,GWO,0.2861357344212586,0.22242379461626696,620,0.010375099998782389,,
500,17,59,ABC,0.27931404912872126,0.20903014091408081,621,0.0168664999982866,,
500,17,59,Hybrid GWO-ABC,0.27931404912872126,0.2046245499707756,621,0.023094500000297558,17.0,9.0
500,18,60,GWO,0.23231079643982583,0.20810279855858177,620,0.010690399998566136,,
500,18,60,ABC,0.28812652212341383,0.21149822132401652,623,0.01837589999922784,,
500,18,60,Hybrid GWO-ABC,0.2858267839758446,0.20298666816916994,620,0.022925300003407756,21.0,9.0
500,19,61,GWO,0.2584250356401113,0.21039527292134869,620,0.010347799998271512,,
500,19,61,ABC,0.2722961746423932,0.20273387420532762,621,0.01719770000272547,,
500,19,61,Hybrid GWO-ABC,0.2722961746423932,0.19593475778463326,621,0.025916999999026302,22.0,10.0
