run,0,1,2,3,4,5,6,7,8,9,10,11,12,13,14,15,16,17,18,19,20,21,22,23,24,25,26,27,28,29,30
0,0.22979369500205032,0.22979369500205032,0.22979369500205032,0.22979369500205032,0.22979369500205032,0.2028939528317119,0.2028939528317119,0.2028939528317119,0.1885615248780299,0.1885615248780299,0.1885615248780299,0.1885615248780299,0.1885615248780299,0.1885615248780299,0.1885615248780299,0.1885615248780299,0.1885615248780299,0.1885615248780299,0.1885615248780299,0.1885615248780299,0.1885615248780299,0.1885615248780299,0.1885615248780299,0.1885615248780299,0.1885615248780299,0.18009325568455536,0.17544808684396737,0.17544808684396737,0.1708361337209133,0.1708361337209133,0.1708361337209133
1,0.1782512928097802,0.1782512928097802,0.1782512928097802,0.1782512928097802,0.1782512928097802,0.1782512928097802,0.1782512928097802,0.1782512928097802,0.1723463482686814,0.16993451903301143,0.16993451903301143,0.16993451903301143,0.16993451903301143,0.16993451903301143,0.16993451903301143,0.16993451903301143,0.16993451903301143,0.16993451903301143,0.16993451903301143,0.16993451903301143,0.16993451903301143,0.16993451903301143,0.16847869834759863,0.15927115373616416,0.15927115373616416,0.15927115373616416,0.15927115373616416,0.15927115373616416,0.15927115373616416,0.15927115373616416,0.15927115373616416
2,0.23752693241432463,0.23752693241432463,0.22535643875103567,0.20823954845798973,0.20731739576104496,0.20533381132193043,0.20533381132193043,0.20517732434097813,0.20517732434097813,0.20517732434097813,0.20517732434097813,0.20517732434097813,0.20517732434097813,0.20517732434097813,0.20517732434097813,0.20517732434097813,0.20517732434097813,0.20517732434097813,0.20517732434097813,0.20517732434097813,0.20517732434097813,0.20517732434097813,0.2046750890724022,0.2046750890724022,0.2046750890724022,0.2046750890724022,0.20356253123760684,0.19433484201117357,0.19433484201117357,0.19433484201117357,0.19433484201117357
3,0.23871394087389036,0.21872965883411843,0.2151023761592027,0.20327385561575276,0.20327385561575276,0.20327385561575276,0.20327385561575276,0.19269289634646566,0.19269289634646566,0.19269289634646566,0.19269289634646566,0.1753344482365805,0.1753344482365805,0.1753344482365805,0.1753344482365805,0.1753344482365805,0.1753344482365805,0.1753344482365805,0.17531821732329417,0.17531821732329417,0.17531821732329417,0.17531821732329417,0.17531821732329417,0.17531821732329417,0.17531821732329417,0.17531821732329417,0.17531821732329417,0.17531821732329417,0.17531821732329417,0.17531821732329417,0.17531821732329417
4,0.2074375448983211,0.2074375448983211,0.2074375448983211,0.2074375448983211,0.2074375448983211,0.2074375448983211,0.19989223622691488,0.19989223622691488,0.19989223622691488,0.19985514972334092,0.19985514972334092,0.19985514972334092,0.19985514972334092,0.19985514972334092,0.19985514972334092,0.19985514972334092,0.19985514972334092,0.19985514972334092,0.19985514972334092,0.19985514972334092,0.19985514972334092,0.19985514972334092,0.19985514972334092,0.19985514972334092,0.19985514972334092,0.19985514972334092,0.19985514972334092,0.19985514972334092,0.19985514972334092,0.19985514972334092,0.19985514972334092
5,0.2427667185892653,0.2253988137053693,0.2253988137053693,0.20716175656556346,0.19508815411622996,0.19453562429996846,0.19453562429996846,0.19154061915113654,0.18023258978696455,0.18023258978696455,0.18023258978696455,0.18023258978696455,0.18023258978696455,0.17682108278545405,0.17682108278545405,0.17682108278545405,0.17682108278545403,0.17682108278545403,0.17682108278545403,0.17682108278545403,0.17682108278545403,0.17682108278545403,0.17682108278545403,0.17682108278545403,0.17682108278545403,0.17682108278545403,0.17682108278545403,0.17682108278545403,0.17682108278545403,0.17682108278545403,0.17682108278545403
6,0.23037296936721244,0.20440960035488487,0.19541865687034976,0.18155522009944894,0.17944867435889,0.16963457962497558,0.16963457962497558,0.16963457962497558,0.16963457962497558,0.16963457962497558,0.16963457962497558,0.16963457962497558,0.16963457962497558,0.16963457962497558,0.16963457962497558,0.16963457962497558,0.16963457962497558,0.16963457962497558,0.16963457962497558,0.16963457962497558,0.16963457962497558,0.16963457962497558,0.16963457962497558,0.16963457962497558,0.16963457962497558,0.16963457962497558,0.16615972853682393,0.16615972853682393,0.16615972853682393,0.16615972853682393,0.16615972853682393
7,0.2507278870179657,0.23323777849994567,0.23323777849994567,0.20675124039344167,0.20675124039344167,0.20675124039344167,0.20675124039344167,0.20675124039344167,0.20675124039344167,0.20675124039344167,0.20675124039344167,0.20675124039344167,0.20675124039344167,0.20675124039344167,0.20675124039344167,0.20675124039344167,0.20675124039344167,0.20675124039344167,0.20675124039344167,0.20675124039344167,0.20675124039344167,0.20675124039344167,0.20675124039344167,0.1993070067114016,0.1993070067114016,0.1993070067114016,0.1993070067114016,0.1993070067114016,0.1993070067114016,0.1993070067114016,0.1993070067114016
8,0.2057421690823908,0.20159001127543713,0.20043482278298622,0.18921077490662208,0.18921077490662208,0.18921077490662208,0.18921077490662208,0.18921077490662208,0.18921077490662208,0.18921077490662208,0.18722179434750835,0.17815544334775377,0.17815544334775377,0.17815544334775377,0.17815544334775377,0.17815544334775377,0.17723189022808275,0.17723189022808275,0.1761997838984165,0.1761997838984165,0.1761997838984165,0.1761997838984165,0.1734693510226829,0.1732042576833639,0.1732042576833639,0.1732042576833639,0.1732042576833639,0.1732042576833639,0.1732042576833639,0.1732042576833639,0.1732042576833639
9,0.22943731140730322,0.21719125988780408,0.21719125988780408,0.20772133047302987,0.20772133047302987,0.20772133047302987,0.20282764873314646,0.20282764873314646,0.19949067138971427,0.19420042018163047,0.19420042018163047,0.19420042018163047,0.19420042018163047,0.19420042018163047,0.19420042018163047,0.19420042018163047,0.1855365047311665,0.1855365047311665,0.1855365047311665,0.1855365047311665,0.1855365047311665,0.1855365047311665,0.1855365047311665,0.1855365047311665,0.1855365047311665,0.1855365047311665,0.1855365047311665,0.1855365047311665,0.1855365047311665,0.1855365047311665,0.1855365047311665
10,0.26249000058969285,0.2298269725170485,0.18896692900542078,0.18538561797896536,0.18538561797896536,0.18538561797896536,0.18366494123726643,0.18366494123726643,0.18366494123726643,0.18366494123726643,0.18366494123726643,0.17780508813298357,0.17780508813298357,0.17780508813298357,0.17780508813298357,0.17780508813298357,0.17780508813298357,0.17780508813298357,0.17780508813298357,0.16939627949034167,0.16939627949034167,0.16939627949034167,0.16939627949034167,0.16939627949034167,0.16939627949034167,0.16939627949034167,0.16939627949034167,0.16939627949034167,0.16939627949034167,0.16939627949034167,0.16939627949034167
11,0.21505080835470303,0.21056460565975565,0.21002877705581155,0.19002376548138114,0.19002376548138114,0.16964653813502106,0.16964653813502106,0.16964653813502106,0.16964653813502106,0.1646332584130586,0.1646332584130586,0.15010896722014233,0.15010896722014233,0.15010896722014233,0.15010896722014233,0.15010896722014233,0.15010896722014233,0.15010896722014233,0.15010896722014233,0.15010896722014233,0.15010896722014233,0.15010896722014233,0.15010896722014233,0.15010896722014233,0.15010896722014233,0.15010896722014233,0.15010896722014233,0.15010896722014233,0.15010896722014233,0.15010896722014233,0.15010896722014233
12,0.2266416820064059,0.20867072708894802,0.20867072708894802,0.18795607245556006,0.18795607245556006,0.18795607245556006,0.18795607245556006,0.18795607245556006,0.18795607245556006,0.17466554936878875,0.17466554936878875,0.17466554936878875,0.17466554936878875,0.17466554936878875,0.17466554936878875,0.17466554936878875,0.17466554936878875,0.17466554936878875,0.17466554936878875,0.17466554936878875,0.17466554936878875,0.17466554936878875,0.17466554936878875,0.17466554936878875,0.17466554936878875,0.17466554936878875,0.17466554936878875,0.17466554936878875,0.17044487530239952,0.17044487530239952,0.17044487530239952
13,0.22832636409626753,0.21208404244539586,0.1860083212272643,0.1860083212272643,0.1860083212272643,0.1860083212272643,0.1860083212272643,0.1860083212272643,0.1860083212272643,0.1860083212272643,0.1860083212272643,0.1660015320590491,0.1660015320590491,0.1660015320590491,0.1660015320590491,0.1660015320590491,0.1660015320590491,0.1660015320590491,0.1660015320590491,0.1660015320590491,0.1660015320590491,0.1660015320590491,0.1660015320590491,0.1660015320590491,0.1660015320590491,0.1660015320590491,0.1660015320590491,0.1660015320590491,0.1660015320590491,0.1660015320590491,0.1660015320590491
14,0.25464974322417866,0.21296507973124465,0.1977258164283264,0.1977258164283264,0.1977258164283264,0.1910944519900161,0.1910944519900161,0.1910944519900161,0.1910944519900161,0.1910944519900161,0.1910944519900161,0.1910944519900161,0.1910944519900161,0.1910944519900161,0.1910944519900161,0.1910944519900161,0.19066352738836345,0.19066352738836345,0.19066352738836345,0.19066352738836345,0.178524377408471,0.178524377408471,0.178524377408471,0.178524377408471,0.178524377408471,0.178524377408471,0.178524377408471,0.178524377408471,0.178524377408471,0.178524377408471,0.178524377408471
15,0.22065985737462415,0.2013994849484245,0.2013994849484245,0.1767687856131363,0.17307013490535464,0.17307013490535464,0.17307013490535464,0.17307013490535464,0.17307013490535464,0.17307013490535464,0.17307013490535464,0.17307013490535464,0.17307013490535464,0.17307013490535464,0.17307013490535464,0.17307013490535464,0.17307013490535464,0.17307013490535464,0.17307013490535464,0.17307013490535464,0.17307013490535464,0.17307013490535464,0.17307013490535464,0.17307013490535464,0.17307013490535464,0.17307013490535464,0.17307013490535464,0.17307013490535464,0.17307013490535464,0.17307013490535464,0.17307013490535464
16,0.21425189179268406,0.2141103862362721,0.19486787714353332,0.18580225328443398,0.17756937013568042,0.1759029689363408,0.15721211727126544,0.15721211727126544,0.15721211727126544,0.15721211727126544,0.15721211727126544,0.15721211727126544,0.15721211727126544,0.15721211727126544,0.15721211727126544,0.15721211727126544,0.15721211727126544,0.15721211727126544,0.15721211727126544,0.15721211727126544,0.15721211727126544,0.15721211727126544,0.15721211727126544,0.15721211727126544,0.15721211727126544,0.15721211727126544,0.15721211727126544,0.15721211727126544,0.15721211727126544,0.15721211727126544,0.15721211727126544
17,0.21038532760463055,0.20037816309882892,0.20037816309882892,0.20037816309882892,0.20037816309882892,0.20037816309882892,0.19074129336442697,0.19074129336442697,0.19074129336442697,0.19074129336442697,0.19074129336442697,0.19074129336442697,0.18660167347488832,0.18660167347488832,0.18660167347488832,0.18660167347488832,0.18659763517589972,0.18601544962104533,0.18100871262997748,0.18100871262997748,0.18100871262997748,0.18100871262997748,0.17411365522127822,0.17411365522127822,0.17411365522127822,0.17411365522127822,0.17411365522127822,0.17411365522127822,0.17411365522127822,0.17411365522127822,0.1736563782755918
18,0.2336906139028935,0.21747955520732384,0.21587001119773191,0.1980524329125599,0.19063005626965812,0.19063005626965812,0.19063005626965812,0.19063005626965812,0.1749175862655441,0.1749175862655441,0.1749175862655441,0.1749175862655441,0.1749175862655441,0.1674488899918189,0.1674488899918189,0.1674488899918189,0.1674488899918189,0.1674488899918189,0.1648198975680113,0.1648198975680113,0.1648198975680113,0.1648198975680113,0.1648198975680113,0.1648198975680113,0.1648198975680113,0.1648198975680113,0.1648198975680113,0.1648198975680113,0.1648198975680113,0.1648198975680113,0.1648198975680113
19,0.24736326120613358,0.24445114511285382,0.21545604245621178,0.19567120241841607,0.19567120241841607,0.17604959119699642,0.16757365579725175,0.16757365579725175,0.16757365579725175,0.16757365579725175,0.16757365579725175,0.16757365579725175,0.16757365579725175,0.16757365579725175,0.16757365579725175,0.16733489228352144,0.16733489228352144,0.16733489228352144,0.16733489228352144,0.16733489228352144,0.16733489228352144,0.16733489228352144,0.16733489228352144,0.16733489228352144,0.16733489228352144,0.16733489228352144,0.16733489228352144,0.16733489228352144,0.16733489228352144,0.16733489228352144,0.16733489228352144
