scenario,algorithm,Member → CH TX,CH RX,Aggregation,CH → BS TX,Free/direct → BS TX,Control packets,total
BP1_100nodes,DEAI-PSO,6.283740632842698,5.39999999999996,0.6000000000000778,5.067502459571797,0.0,5.883273337352127,23.23451642976666
BP1_100nodes,Hybrid GWO-ABC (Eq. 12),6.873418684743233,5.694829999999996,0.6000000000000025,2.81402829197246,0.0,5.8832733373521044,21.865550314067796
BP1_100nodes,Hybrid GWO-ABC,6.590284088638458,5.547399999999972,0.600000000000048,4.6532083369242825,0.0,5.88327333735207,23.27416576291483
BP2_160nodes,DEAI-PSO,9.674742020529216,8.639999999999999,0.9600000000000625,8.012322279894661,0.0,9.321330030792739,36.60839433121668
BP2_160nodes,Hybrid GWO-ABC (Eq. 12),10.624504564848625,9.118669999999963,0.9600000000000263,4.19956528730003,0.0,9.321330030792733,34.22406988294138
BP2_160nodes,Hybrid GWO-ABC,9.812316137452669,8.730820000000014,0.9600000000000094,7.5868496158834,0.0,9.321330030792746,36.41131578412884
BP3_200nodes,DEAI-PSO,11.834573272958986,9.404999999999976,1.0455000000000056,5.313688416897187,3.1185364945078793,9.5239835837491,40.24128176811313
BP3_200nodes,Hybrid GWO-ABC (Eq. 12),12.555900790665245,9.91987999999997,1.045500000000077,3.3217035640215875,3.118536494507805,9.523983583749098,39.485504432943785
BP3_200nodes,Hybrid GWO-ABC,11.99871630206864,9.472500000000014,1.0455000000000347,5.556591721362625,3.1185364945078247,9.523983583749118,40.71582810168826
