scenario,metric,label,unit,higher_is_better,proposed,baseline,base_mean,base_std,prop_mean,prop_std,improvement_pct,prop_wins,n,p_value,cliffs_delta,effect,p_holm,significant,verdict
BP1_100nodes,fnd,FND,rounds,True,Hybrid GWO-ABC (Eq. 12),GWO (Eq. 12),634.9,20.475659490696444,635.55,20.389561312748146,0.10237832729563354,12,20,0.013809809961189273,0.0425,negligible,0.16571771953427128,False,no significant difference
BP1_100nodes,hnd,HND,rounds,True,Hybrid GWO-ABC (Eq. 12),GWO (Eq. 12),690.9,15.623531509940552,691.4,15.72928880514912,0.07236937328122739,10,20,0.0236123364687858,0.0425,negligible,0.236123364687858,False,no significant difference
BP1_100nodes,lnd,LND,rounds,True,Hybrid GWO-ABC (Eq. 12),GWO (Eq. 12),699.4,15.377358612412497,699.7,15.152210191394866,0.042893909064922534,8,20,0.197358455804429,0.0125,negligible,0.9697973593879244,False,no significant difference
BP1_100nodes,node_rounds,Node-rounds,node x rounds,True,Hybrid GWO-ABC (Eq. 12),GWO (Eq. 12),68791.9,1501.4110521001305,68842.15,1514.242359625503,0.07304639063610688,20,20,8.819870204194453e-05,0.06,negligible,0.0016414674393184802,True,improved
BP1_100nodes,throughput_packets,Throughput,packets,True,Hybrid GWO-ABC (Eq. 12),GWO (Eq. 12),68298.85,1532.1705716160702,68360.0,1538.6705471385285,0.08953298628014114,16,20,0.008017962075556525,0.065,negligible,0.10599931905052043,False,no significant difference
BP2_160nodes,fnd,FND,rounds,True,Hybrid GWO-ABC (Eq. 12),GWO (Eq. 12),644.8,17.966635745180564,645.2,18.12994034303768,0.0620347394541084,11,20,0.09124320211532533,0.025,negligible,0.6387024148072773,False,no significant difference
BP2_160nodes,hnd,HND,rounds,True,Hybrid GWO-ABC (Eq. 12),GWO (Eq. 12),707.35,10.245795029643803,707.6,10.028380779200178,0.0353431823001343,7,20,0.31213024155128155,0.0225,negligible,0.9697973593879244,False,no significant difference
BP2_160nodes,lnd,LND,rounds,True,Hybrid GWO-ABC (Eq. 12),GWO (Eq. 12),717.7,10.152002654389765,717.9,10.701205047735709,0.027866796711708483,7,20,0.1939594718775849,0.035,negligible,0.9697973593879244,False,no significant difference
BP2_160nodes,node_rounds,Node-rounds,node x rounds,True,Hybrid GWO-ABC (Eq. 12),GWO (Eq. 12),112582.6,1550.3377017520036,112642.6,1560.713379397889,0.05329420354477512,17,20,0.0002532800272204937,0.065,negligible,0.004305760462748393,True,improved
BP2_160nodes,throughput_packets,Throughput,packets,True,Hybrid GWO-ABC (Eq. 12),GWO (Eq. 12),111886.1,1596.5297860969388,111963.6,1594.2794247592,0.06926687050491526,13,20,0.1505949980181257,0.04,negligible,0.9035699881087542,False,no significant difference
BP3_200nodes,fnd,FND,rounds,True,Hybrid GWO-ABC (Eq. 12),GWO (Eq. 12),482.6,32.35233661129481,483.2,32.1159085025999,0.1243265644425955,12,20,0.007571379932180031,0.045,negligible,0.10599931905052043,False,no significant difference
BP3_200nodes,hnd,HND,rounds,True,Hybrid GWO-ABC (Eq. 12),GWO (Eq. 12),738.8,12.437633892429268,739.6,11.775979118974623,0.1082837033026622,10,20,0.01715796820048253,0.0475,negligible,0.1887376502053078,False,no significant difference
BP3_200nodes,lnd,LND,rounds,True,Hybrid GWO-ABC (Eq. 12),GWO (Eq. 12),1487.45,51.31581781375736,1487.45,51.31581781375736,0.0,0,20,1.0,0.0,negligible,1.0,False,no significant difference
BP3_200nodes,node_rounds,Node-rounds,node x rounds,True,Hybrid GWO-ABC (Eq. 12),GWO (Eq. 12),156535.8,2700.9787426821877,156678.7,2669.4016104540615,0.09128902142514575,15,20,0.000850677490234375,0.045,negligible,0.01361083984375,True,improved
BP3_200nodes,throughput_packets,Throughput,packets,True,Hybrid GWO-ABC (Eq. 12),GWO (Eq. 12),156418.55,2711.123198485901,156526.45,2659.212714418746,0.06898158818121207,15,20,0.06458380762705931,0.04,negligible,0.5166704610164745,False,no significant difference
BP1_100nodes,fnd,FND,rounds,True,Hybrid GWO-ABC (Eq. 12),ABC (Eq. 12),636.6,20.241697453263985,635.55,20.389561312748146,-0.16493873704053852,2,20,0.004367453892479789,-0.0825,negligible,0.06551180838719683,False,no significant difference
BP1_100nodes,hnd,HND,rounds,True,Hybrid GWO-ABC (Eq. 12),ABC (Eq. 12),687.9,15.647094904402172,691.4,15.72928880514912,0.5087948829771769,20,20,6.839447663827001e-05,0.15,small,0.0016414674393184802,True,improved
BP1_100nodes,lnd,LND,rounds,True,Hybrid GWO-ABC (Eq. 12),ABC (Eq. 12),696.0,15.532648128852236,699.7,15.152210191394866,0.5316091954023053,20,20,7.28268274741086e-05,0.1725,small,0.0016414674393184802,True,improved
BP1_100nodes,node_rounds,Node-rounds,node x rounds,True,Hybrid GWO-ABC (Eq. 12),ABC (Eq. 12),68528.9,1501.403830805655,68842.15,1514.242359625503,0.4571064178762537,20,20,1.9073486328125e-06,0.15,small,5.7220458984375e-05,True,improved
BP1_100nodes,throughput_packets,Throughput,packets,True,Hybrid GWO-ABC (Eq. 12),ABC (Eq. 12),67978.45,1524.6313264454943,68360.0,1538.6705471385285,0.5612808176708985,20,20,1.9073486328125e-06,0.175,small,5.7220458984375e-05,True,improved
BP2_160nodes,fnd,FND,rounds,True,Hybrid GWO-ABC (Eq. 12),ABC (Eq. 12),646.6,18.36873774421611,645.2,18.12994034303768,-0.21651716671821486,0,20,7.890756503906855e-05,-0.08,negligible,0.0016414674393184802,True,worse
BP2_160nodes,hnd,HND,rounds,True,Hybrid GWO-ABC (Eq. 12),ABC (Eq. 12),702.35,10.36327016057444,707.6,10.028380779200178,0.7474905673809354,20,20,7.111313423609104e-05,0.335,medium,0.0016414674393184802,True,improved
BP2_160nodes,lnd,LND,rounds,True,Hybrid GWO-ABC (Eq. 12),ABC (Eq. 12),713.1,10.487586647280226,717.9,10.701205047735709,0.6731173748422317,20,20,7.838643221856705e-05,0.2775,small,0.0016414674393184802,True,improved
BP2_160nodes,node_rounds,Node-rounds,node x rounds,True,Hybrid GWO-ABC (Eq. 12),ABC (Eq. 12),111909.65,1565.5256818482142,112642.6,1560.713379397889,0.654947987059214,20,20,1.9073486328125e-06,0.29,small,5.7220458984375e-05,True,improved
BP2_160nodes,throughput_packets,Throughput,packets,True,Hybrid GWO-ABC (Eq. 12),ABC (Eq. 12),111107.85,1617.4627393414337,111963.6,1594.2794247592,0.7701976052997155,20,20,1.9073486328125e-06,0.32,small,5.7220458984375e-05,True,improved
BP3_200nodes,fnd,FND,rounds,True,Hybrid GWO-ABC (Eq. 12),ABC (Eq. 12),484.1,32.21130890002192,483.2,32.1159085025999,-0.18591200165255817,5,20,0.030123644381970006,-0.0275,negligible,0.27111279943773003,False,no significant difference
BP3_200nodes,hnd,HND,rounds,True,Hybrid GWO-ABC (Eq. 12),ABC (Eq. 12),736.55,11.85204845718996,739.6,11.775979118974623,0.41409272961782206,20,20,7.239547150434874e-05,0.21,small,0.0016414674393184802,True,improved
BP3_200nodes,lnd,LND,rounds,True,Hybrid GWO-ABC (Eq. 12),ABC (Eq. 12),1487.45,51.31581781375736,1487.45,51.31581781375736,0.0,0,20,1.0,0.0,negligible,1.0,False,no significant difference
BP3_200nodes,node_rounds,Node-rounds,node x rounds,True,Hybrid GWO-ABC (Eq. 12),ABC (Eq. 12),156207.9,2711.8317542129885,156678.7,2669.4016104540615,0.3013932073858092,20,20,1.9073486328125e-06,0.14,negligible,5.7220458984375e-05,True,improved
BP3_200nodes,throughput_packets,Throughput,packets,True,Hybrid GWO-ABC (Eq. 12),ABC (Eq. 12),156049.75,2729.498717713566,156526.45,2659.212714418746,0.3054795025304505,20,20,1.9073486328125e-06,0.13,negligible,5.7220458984375e-05,True,improved
