scenario,algorithm,CHs per round,member→CH distance (m),CH→BS distance (m),lost packets,PDR
BP1_100nodes,DEAI-PSO,10.0,24.10207781961273,124.39925607559834,563.5,0.9912759454415271
BP1_100nodes,Hybrid GWO-ABC (Eq. 12),5.086166666666666,27.48247585673864,127.60847097440998,582.15,0.9915458990032098
BP1_100nodes,Hybrid GWO-ABC,7.543333333333332,25.3203129727984,131.64591726364623,127.35,0.9980500580958935
BP2_160nodes,DEAI-PSO,16.0,20.36391248817251,124.27481428719094,989.05,0.9905920709415941
BP2_160nodes,Hybrid GWO-ABC (Eq. 12),8.022166666666667,24.029707629018983,125.6495590761424,839.0,0.9925580029362868
BP2_160nodes,Hybrid GWO-ABC,14.486333333333334,20.479516686974417,126.11786672697392,244.95,0.9977056962073318
BP3_200nodes,DEAI-PSO,17.5,30.058091859675436,104.60947840245544,478.95,0.9968772825023635
BP3_200nodes,Hybrid GWO-ABC (Eq. 12),8.918666666666667,30.652626243688577,110.3766246921562,352.25,0.9977556211841462
BP3_200nodes,Hybrid GWO-ABC,16.375,29.982917654733235,107.51369893802644,219.05,0.9985786511272934
