,LEACH,GWO,ABC,Hybrid GWO-ABC
FND (rounds),703 ± 32,963 ± 17,962 ± 17,963 ± 18
HND (rounds),895 ± 30,979 ± 18,978 ± 18,978 ± 18
LND (rounds),"1,218 ± 22",991 ± 18,990 ± 19,989 ± 18
Residual Energy (J),22.506 ± 0.633,24.399 ± 0.483,24.396 ± 0.483,24.385 ± 0.482
Energy Consumption (J),27.494 ± 0.633,25.601 ± 0.483,25.604 ± 0.483,25.615 ± 0.482
Throughput (packets),"90,375 ± 2,305","97,520 ± 1,796","97,526 ± 1,834","97,454 ± 1,801"
PDR (ratio),0.9896 ± 0.0025,0.9966 ± 0.0008,0.9972 ± 0.0011,0.9969 ± 0.0011
Avg. Cluster Distance (m),26.840 ± 0.727,23.432 ± 0.895,23.277 ± 0.912,23.328 ± 0.881
Avg. CH-BS Distance (m),129.030 ± 4.009,121.256 ± 4.326,121.520 ± 4.323,121.606 ± 4.280
Runtime (s),0.05 ± 0.00,42.62 ± 2.87,76.74 ± 8.04,100.61 ± 9.79
Final Fitness (-),1.3036 ± 0.1561,0.2430 ± 0.0090,0.2390 ± 0.0083,0.2364 ± 0.0090
