factor,value,algorithm,fnd_mean,fnd_std,hnd_mean,hnd_std,lnd_mean,lnd_std,residual_energy_cp_mean,residual_energy_cp_std,throughput_packets_mean,throughput_packets_std,pdr_mean,pdr_std,runtime_mean,runtime_std,final_fitness_mean,final_fitness_std
abc_colony,10,ABC,1131.4,6.767569726275449,1141.2,7.2249567472753755,1159.8,2.489979919597744,28.158912484527782,0.08073035875504346,113991.6,680.473217694862,0.9983696271045728,0.00042691733238056976,99.98896433997433,1.9982892044044729,0.2513637504277455,0.01491809736817604
abc_colony,10,Hybrid GWO-ABC,1129.6,7.402702209328703,1140.2,7.596051605933177,1159.0,3.6055512754639736,28.158086156489567,0.0908071267510826,113914.0,677.6850300840355,0.9980385851174386,0.0009370259410096919,128.92940932001366,4.602937204885045,0.24720206602422,0.013772781455717054
abc_colony,20,ABC,1124.4,11.67475909815702,1140.6,6.730527468185527,1166.2,4.9699094559156896,28.17491576613394,0.08251381735351852,114093.2,639.2340729341639,0.9988960976005268,0.0003279928840281895,125.8804695799976,2.6653757875194555,0.2482588624009349,0.015632909531740822
abc_colony,20,Hybrid GWO-ABC,1130.4,6.655824516917507,1140.6,6.693280212272605,1162.0,9.46044396421227,28.158603408913127,0.09022643016004035,113995.0,545.7687239115118,0.9982392834989342,0.00040289909200342703,142.35026804003502,2.400551477724533,0.24645273048596916,0.014810362404701592
abc_colony,30,ABC,1128.2,9.471008394041254,1139.8,7.085195833567341,1161.6,4.979959839195474,28.164549445181695,0.08438062051041785,113957.0,701.7873609577188,0.998734618432651,0.0004701924436130032,133.37151997999973,2.334182460593543,0.24725539963046744,0.01537341723792781
abc_colony,30,Hybrid GWO-ABC,1128.2,8.786353054595512,1141.8,7.155417527999327,1155.6,3.0495901363953783,28.172018486024776,0.07945018811025403,113911.8,762.5947154288448,0.9977129836367125,0.001104517786337401,150.38265808001523,3.591742414636845,0.24551582624584425,0.01521198476751075
abc_colony,40,ABC,1131.6,8.5615419172016,1140.6,8.018728078691776,1163.2,5.263078946776311,28.166571741648074,0.09162401534373413,114085.6,661.0089258096299,0.9988578292335768,0.0005548807698745489,149.76906437999642,4.2977382006352585,0.2469437279292836,0.01518298241818575
abc_colony,40,Hybrid GWO-ABC,1129.6,11.886967653695383,1140.6,6.730527468185527,1159.2,1.483239697419148,28.161714887654785,0.08744152308856368,114029.8,632.6635756861626,0.9987115476429688,0.0005236640624015749,159.95936153999938,3.7130049085287435,0.24553269404258077,0.016504484945365345
area,100,ABC,1124.4,11.67475909815702,1140.6,6.730527468185527,1166.2,4.9699094559156896,28.17491576613394,0.08251381735351852,114093.2,639.2340729341639,0.9988960976005268,0.0003279928840281895,110.83403163997937,3.5412652443872172,0.2482588624009349,0.015632909531740822
area,100,GWO,1129.8,7.328028384224492,1140.6,7.266360849833991,1165.6,4.669047011971495,28.17026868401512,0.08244592400313158,114035.8,592.8563907052032,0.9984756651111532,0.000445659328723675,62.62030719994364,1.0825183440950215,0.24888860417589478,0.014366038576297806
area,100,Hybrid GWO-ABC,1130.4,6.655824516917507,1140.6,6.693280212272605,1162.0,9.46044396421227,28.158603408913127,0.09022643016004035,113995.0,545.7687239115118,0.9982392834989342,0.00040289909200342703,140.59207247995437,2.782849286858318,0.24645273048596916,0.014810362404701592
area,100,LEACH,883.8,29.88645178002901,1104.6,9.343446901438485,1295.2,46.15950606321518,27.502364046565294,0.13764728083036404,109314.0,585.0465793421921,0.9893558418230292,0.0019133041038187693,0.0569348799646832,0.00627074162107509,1.312320466016635,0.11820657028153346
area,150,ABC,1055.0,8.860022573334684,1062.8,8.584870412533915,1083.4,8.080841540334744,26.575968222331493,0.1786043291930507,106303.4,799.9576863809745,0.9986896217137208,0.0004049901236392965,103.07181513999967,2.601050465851001,0.21305744314718025,0.01061885680720287
area,150,GWO,1055.8,9.576011695899293,1063.4,10.014988766843409,1080.2,8.786353054595512,26.56398445372714,0.17162879170989584,106289.6,925.6558755822817,0.9984631298448715,0.0004311692658673321,59.924416360013126,1.1481280951476305,0.21411517184720993,0.009481913658455831
area,150,Hybrid GWO-ABC,1055.2,8.927485648266268,1063.2,8.258329128825032,1079.8,9.44457516249409,26.594806991116805,0.15062601111781795,106303.2,869.9975287321223,0.9984376848877661,0.0002820382732016786,126.36893518001526,2.3563222753540187,0.21143238093867875,0.010539622688538416
area,150,LEACH,821.6,14.993331851193044,969.4,17.515707236649057,1086.6,26.120872879748894,24.251629194644064,0.5129785324552649,95565.6,1311.960098478607,0.9899307004151747,0.0010685943601488523,0.04020667998702265,0.010990993036465592,1.2806617715555695,0.11983413587209893
area,200,ABC,613.4,98.9762597798078,910.4,14.46720429108541,946.0,19.8997487421324,23.331352338756993,0.5645167674101762,87924.6,1378.7357614858615,0.9987066285679778,0.00015197023066685684,90.44746207999705,3.6746915419398207,0.20301050497409895,0.010514083396972077
area,200,GWO,640.6,120.76547519883322,911.6,11.282730166054664,943.4,18.146625030566984,23.411873272203632,0.7973288428428269,88041.2,2247.2150987388823,0.9987216213238856,0.00014189520265850064,51.540863959974374,1.5370538628866417,0.20285171297485166,0.008965278962745554
area,200,Hybrid GWO-ABC,589.0,74.8698871376203,909.6,19.320973060381814,934.8,8.757853618324537,23.070079416316197,0.3928653997841223,86785.4,1814.6169843799016,0.9986459822512247,0.00032216260424121763,106.90165903998422,1.0601761300827437,0.20132640750447184,0.012123374119068761
area,200,LEACH,492.8,61.24704074483925,785.4,28.500877179483446,1040.6,41.764817729759095,16.794808443550515,1.5353096524411178,76507.2,2828.2124566587995,0.9931602713893882,0.0012631653046745578,0.04698377998865908,0.01632484796678111,1.287684257497072,0.12612822622211745
area,50,ABC,1185.6,2.966479394838272,1198.2,2.387467277262656,1209.6,2.701851217221277,29.14480090991038,0.028117120004137536,119588.0,339.6402508537526,0.9980792201600076,0.0009728789783135685,124.66706751999808,2.83210428429724,0.3180130239911563,0.00943501179681144
area,50,GWO,1181.0,7.211102550927952,1197.4,2.408318915758447,1213.6,4.037325847637286,29.147076782660243,0.030726097539205,119579.2,243.5768872450743,0.9980853890790751,0.0007953925738321653,67.2670247200469,1.2372612935865968,0.3192468352999813,0.008723752759778177
area,50,Hybrid GWO-ABC,1180.4,9.181503144910442,1197.8,3.4205262752974246,1211.6,4.393176527297772,29.14697741482022,0.03076680060167065,119538.4,283.3210193402528,0.9979182406790447,0.0008694067750425207,149.25838140000997,2.445609946080378,0.31682331118066676,0.009487032394490925
area,50,LEACH,918.2,36.87411015875503,1188.2,9.011104260855026,1559.6,52.127727746373175,29.04689262884993,0.04019599424574646,118764.2,212.70801583391435,0.9885044326871408,0.0015224231507021718,0.08078477995295544,0.026867460957356128,1.3805734176897957,0.11969819417600609
bs_position,"(0,0)",ABC,1106.8,8.378544026261372,1116.4,8.080841540334756,1126.6,5.079370039680136,27.62635854827703,0.12074517594648748,111321.2,737.2487368588713,0.9970837124353519,0.0004745136830354245,113.81767898001416,3.563370955547218,0.22352381714890052,0.009278153734656635
bs_position,"(0,0)",GWO,1105.8,7.726577508832759,1115.8,8.4970583144992,1127.6,5.683308895353145,27.61192276358337,0.1330690700269555,111296.6,705.3419737971062,0.9972582032874792,0.0008997274952744453,58.37513204003189,0.9590153399129847,0.22710882784579142,0.008927756245941458
bs_position,"(0,0)",Hybrid GWO-ABC,1104.6,11.631852818876297,1115.0,7.810249675906654,1125.4,5.504543577809155,27.598032383327403,0.12231063885201598,111202.6,644.417411310401,0.9970468985617338,0.0011220722690180988,139.21083163998264,3.272772523563353,0.2232376011712492,0.00963689001930279
bs_position,"(0,0)",LEACH,867.6,25.11573212152097,1067.4,15.773395322504259,1383.2,52.27523314151741,26.718675222022046,0.2046243830085285,106059.6,916.5161209711466,0.9897456680822747,0.0014085270634937113,0.04756280002184212,0.0048791118900254355,1.3049490396555878,0.12727656142036245
bs_position,"(50,100)",ABC,1121.4,5.683308895353142,1130.2,5.630275304103701,1143.6,3.9749213828703542,27.945410340739976,0.0938360653074061,112938.4,478.60453403619124,0.9983941542324807,0.0005878923250654122,115.47688371998592,1.043724533054645,0.23230843235065496,0.01813289045883542
bs_position,"(50,100)",GWO,1119.8,8.613942186943218,1130.4,5.029910535983715,1143.4,7.127411872482194,27.937813140098818,0.08928019038161503,112832.6,463.24000259045005,0.9978460384896433,0.000660530815710057,60.25729934003611,1.7165287831456641,0.2350047507914823,0.01863358524039922
bs_position,"(50,100)",Hybrid GWO-ABC,1118.0,5.244044240850758,1128.6,4.33589667773576,1142.2,5.215361924162137,27.910980431698725,0.07604460768634555,112663.4,431.96909611684003,0.9974891755004378,0.0006237440672313703,137.8219586999716,1.0889891581939333,0.2314902954641313,0.019540905917239837
bs_position,"(50,100)",LEACH,873.2,29.994999583263883,1095.2,5.215361924162108,1355.4,40.7897045833872,27.196547488649664,0.11569278694834768,107951.6,419.601358434407,0.9879505103924344,0.0018455821762068082,0.060797079883923286,0.00838871344915061,1.3066224045057835,0.1222237329460894
bs_position,"(50,150)",ABC,1049.2,8.58487041253391,1061.8,10.473776778220921,1073.6,8.203657720797453,26.470999031566883,0.1961435476667235,105925.0,935.3964400188823,0.9972502248506272,0.0006457128673500128,105.90124953998311,2.9147996261532803,0.22902527942273535,0.008302693595102856
bs_position,"(50,150)",GWO,1049.8,8.642916174532738,1062.0,9.407443861113402,1076.0,7.4161984870956585,26.46866330817757,0.19212233879329452,105961.2,898.8045950038301,0.9972795258610837,0.0007168755119598456,55.62437868003472,1.2154986049202536,0.2322396303545377,0.007385110848331353
bs_position,"(50,150)",Hybrid GWO-ABC,1049.8,10.449880382090512,1061.8,9.959919678390966,1074.8,8.58487041253389,26.46431848207152,0.19618256680055496,105939.4,923.962553353759,0.9974102062322838,0.000944074948192214,129.5580518199793,4.773900245061896,0.22728288610605704,0.008694005375438347
bs_position,"(50,150)",LEACH,813.4,26.679580206592448,996.8,8.757853618324518,1298.2,19.40876090841452,25.23052442882029,0.22057388228367417,99974.0,712.930571654772,0.9888350623689075,0.0014573813184535652,0.057883320024120624,0.004745439725476765,1.3127289168102028,0.12553274316264904
bs_position,"(50,50)",ABC,1124.4,11.67475909815702,1140.6,6.730527468185527,1166.2,4.9699094559156896,28.17491576613394,0.08251381735351852,114093.2,639.2340729341639,0.9988960976005268,0.0003279928840281895,118.6595746600382,0.5589086249866113,0.2482588624009349,0.015632909531740822
bs_position,"(50,50)",GWO,1129.8,7.328028384224492,1140.6,7.266360849833991,1165.6,4.669047011971495,28.17026868401512,0.08244592400313158,114035.8,592.8563907052032,0.9984756651111532,0.000445659328723675,61.141538879927246,1.9918552747266054,0.24888860417589478,0.014366038576297806
bs_position,"(50,50)",Hybrid GWO-ABC,1130.4,6.655824516917507,1140.6,6.693280212272605,1162.0,9.46044396421227,28.158603408913127,0.09022643016004035,113995.0,545.7687239115118,0.9982392834989342,0.00040289909200342703,139.77074510000165,0.47981582097116515,0.24645273048596916,0.014810362404701592
bs_position,"(50,50)",LEACH,883.8,29.88645178002901,1104.6,9.343446901438485,1295.2,46.15950606321518,27.502364046565294,0.13764728083036404,109314.0,585.0465793421921,0.9893558418230292,0.0019133041038187693,0.06143421994202072,0.010424283218651425,1.312320466016635,0.11820657028153346
ch_energy_threshold,0.0,ABC,665.2,39.315391388106505,1213.6,11.414902540100837,1298.8,18.349386910739007,28.276485736279035,0.062175811065578054,114197.4,416.84865359024593,0.99889483361285,0.00031786024072117026,120.4175842999961,6.531418711009232,0.21563506631091314,0.015176219899186858
ch_energy_threshold,0.0,GWO,658.6,44.179180617118746,1191.6,12.915107432770373,1304.8,17.541379649275044,28.26839160182366,0.058763508845329875,113988.4,528.1981635712125,0.9990046837698181,0.00016685383278122444,70.64169753997703,1.0244194699659372,0.21965329075355466,0.015479891545565571
ch_energy_threshold,0.0,Hybrid GWO-ABC,644.2,48.00729111291325,1215.2,14.65264481245621,1297.6,17.1697408250678,28.274962184577287,0.059120315495284896,114224.6,435.264632149225,0.999001466993564,0.00012011492981480265,153.71054236001,1.8317095554073508,0.21041977292823008,0.014962066279972566
ch_energy_threshold,0.5,ABC,1055.6,4.159326868617099,1137.6,4.159326868617092,1239.4,41.75284421449635,28.285267034389665,0.06260423029651246,114359.0,400.14872235207747,0.9990896678135526,2.471630516189321e-05,110.30452761995839,2.490194795116959,0.2157966086127217,0.015206343295690719
ch_energy_threshold,0.5,GWO,1063.0,6.964194138592061,1135.4,5.128352561983227,1234.4,14.205632685663828,28.272581865945476,0.06558060334927364,114288.2,465.16738922671686,0.9991082648896648,2.6713304628334707e-05,66.35895614003093,1.4427660193048835,0.21983290939081918,0.01561998575366379
ch_energy_threshold,0.5,Hybrid GWO-ABC,1061.4,5.412947441089747,1137.0,4.743416490252569,1230.2,30.2026488904533,28.283748822734765,0.05801589205522637,114351.6,428.7613555347539,0.9990826167211553,3.433323929442537e-05,145.7957797200179,4.437666669849508,0.2105945009735803,0.014831670041027494
ch_energy_threshold,1.0,ABC,1124.4,11.67475909815702,1140.6,6.730527468185527,1166.2,4.9699094559156896,28.17491576613394,0.08251381735351852,114093.2,639.2340729341639,0.9988960976005268,0.0003279928840281895,106.57252085996515,1.4783299853343628,0.2482588624009349,0.015632909531740822
ch_energy_threshold,1.0,GWO,1129.8,7.328028384224492,1140.6,7.266360849833991,1165.6,4.669047011971495,28.17026868401512,0.08244592400313158,114035.8,592.8563907052032,0.9984756651111532,0.000445659328723675,60.383828480073134,2.631915493380444,0.24888860417589478,0.014366038576297806
ch_energy_threshold,1.0,Hybrid GWO-ABC,1130.4,6.655824516917507,1140.6,6.693280212272605,1162.0,9.46044396421227,28.158603408913127,0.09022643016004035,113995.0,545.7687239115118,0.9982392834989342,0.00040289909200342703,144.11961070000763,4.985452996609838,0.24645273048596916,0.014810362404701592
ch_percentage,0.03,ABC,1066.0,12.649110640673515,1092.2,5.585696017507567,1119.8,8.92748564826628,27.24014058321982,0.09570839909598233,109243.6,482.31400560215945,0.9989996388325908,6.742884240980263e-05,111.77416903999328,3.8042596720993256,0.25138468561769356,0.015723437276746594
ch_percentage,0.03,GWO,1067.4,9.23579991121505,1091.2,7.224956747275363,1117.4,12.239281024635373,27.20846457222762,0.12592738739681494,109103.8,536.0277045078926,0.9986122245244985,0.0005835954286088875,58.28497534002672,2.0771722289195362,0.2547968960076905,0.01590974382041515
ch_percentage,0.03,Hybrid GWO-ABC,1067.2,8.348652585896737,1092.2,5.263078946776317,1120.2,9.984988733093282,27.241081818655935,0.09054456477663435,109251.0,481.38601973883704,0.9989522733980174,0.00019551428785314959,133.33887005999495,6.486872469136298,0.25045296145611057,0.016285801795969237
ch_percentage,0.03,LEACH,891.4,37.56727299126196,1070.8,16.664333169977134,1252.0,37.16180835212407,26.605502719650474,0.27001726916352337,105869.0,941.9477161711264,0.9874182418559057,0.0016642066119136258,0.05945577996026259,0.00813885807761788,1.748552344364303,0.15312569372786425
ch_percentage,0.05,ABC,1124.4,11.67475909815702,1140.6,6.730527468185527,1166.2,4.9699094559156896,28.17491576613394,0.08251381735351852,114093.2,639.2340729341639,0.9988960976005268,0.0003279928840281895,120.59891618003967,2.6883023589596458,0.2482588624009349,0.015632909531740822
ch_percentage,0.05,GWO,1129.8,7.328028384224492,1140.6,7.266360849833991,1165.6,4.669047011971495,28.17026868401512,0.08244592400313158,114035.8,592.8563907052032,0.9984756651111532,0.000445659328723675,61.58187823996995,1.46156642043616,0.24888860417589478,0.014366038576297806
ch_percentage,0.05,Hybrid GWO-ABC,1130.4,6.655824516917507,1140.6,6.693280212272605,1162.0,9.46044396421227,28.158603408913127,0.09022643016004035,113995.0,545.7687239115118,0.9982392834989342,0.00040289909200342703,200.28348369999003,28.32086942005364,0.24645273048596916,0.014810362404701592
ch_percentage,0.05,LEACH,883.8,29.88645178002901,1104.6,9.343446901438485,1295.2,46.15950606321518,27.502364046565294,0.13764728083036404,109314.0,585.0465793421921,0.9893558418230292,0.0019133041038187693,0.06190470005676616,0.0034727339841643186,1.312320466016635,0.11820657028153346
ch_percentage,0.08,ABC,1170.8,7.85493475466221,1177.8,7.596051605933182,1191.2,5.890670590009256,28.806808866514228,0.1010857689346659,117559.8,725.9657016691618,0.9977911929075074,0.0002874119150185069,121.5448970800222,1.6262664390672388,0.24319668512432221,0.009438285056983192
ch_percentage,0.08,GWO,1169.6,9.235799911215075,1177.0,9.137833441248533,1198.8,13.026895255585638,28.797193675181127,0.1294953955515307,117518.6,894.3510496443769,0.9979254390079622,0.0004163758335161478,66.84431412001432,1.909994371139581,0.24155393097322367,0.007835071938117723
ch_percentage,0.08,Hybrid GWO-ABC,1169.6,8.264381404557774,1176.4,8.264381404557756,1191.8,8.497058314499185,28.79234055533999,0.11220185990908076,117431.6,775.6018953045423,0.9977479842614247,0.0005857614930990324,223.6432343600267,1.7581406334452558,0.24022487880818408,0.00944405385821159
ch_percentage,0.08,LEACH,956.8,35.89846793388263,1145.0,6.595452979136442,1377.8,49.936960259911714,28.493853846955243,0.06272226551926227,114595.8,469.30661619031025,0.9923673327599392,0.0011047332590568147,0.06519116001727525,0.0045896925556479975,1.1318876897165795,0.18473591014156604
ch_percentage,0.1,ABC,1186.2,7.9183331579316665,1192.6,8.17312669668103,1208.2,6.18061485614498,29.073073551714337,0.10644144511815833,119048.6,818.9266145388115,0.9978614415753839,0.0002647270898639076,126.20670516002647,2.039615601803835,0.24207473329826126,0.008747762716427781
ch_percentage,0.1,GWO,1184.4,10.014988766843418,1191.4,9.633275663033837,1203.8,5.3572380943915405,29.060055806269713,0.11995598768180155,118832.8,991.670913156173,0.9972199312470122,0.0004205178918187856,66.42534844005131,2.3604228465255397,0.24180350157030336,0.008260883132143631
ch_percentage,0.1,Hybrid GWO-ABC,1184.4,8.98888202169767,1190.8,8.95544527089525,1204.0,9.137833441248533,29.054729464913486,0.10981164045605453,118865.0,906.5009652504519,0.9976944759847838,0.00020324199507009254,178.5839525600415,32.68588778336783,0.24025974586792015,0.008333407248041415
ch_percentage,0.1,LEACH,999.8,21.87921387984494,1167.8,7.259476565152622,1436.0,47.333920184155474,28.89141265481021,0.07831570589654327,117057.4,412.56429801911014,0.9939251643655179,0.0008071399641596579,0.06587443998869276,0.007322658662776419,0.867614711809917,0.11573187282062786
gwo_population,10,GWO,1130.8,8.288546314040838,1140.8,7.1902712048990125,1166.0,6.2048368229954285,28.173604093148413,0.10055541538703824,113963.2,667.0447511224411,0.9977572365722714,0.0004565017119176377,44.99830766009982,1.1527283316271275,0.25142799387603365,0.013343179040779599
gwo_population,10,Hybrid GWO-ABC,1130.0,6.244997998398392,1141.2,6.220932405998322,1159.4,2.6076809620810235,28.167615520828463,0.08239600515150232,114024.0,567.0881765651611,0.9983137254653076,0.00012614700279221656,135.42954588001376,1.678492520646313,0.24509643305447942,0.016086763315443984
gwo_population,20,GWO,1129.8,7.328028384224492,1140.6,7.266360849833991,1165.6,4.669047011971495,28.17026868401512,0.08244592400313158,114035.8,592.8563907052032,0.9984756651111532,0.000445659328723675,59.97852008003538,0.8977600674056295,0.24888860417589478,0.014366038576297806
gwo_population,20,Hybrid GWO-ABC,1130.4,6.655824516917507,1140.6,6.693280212272605,1162.0,9.46044396421227,28.158603408913127,0.09022643016004035,113995.0,545.7687239115118,0.9982392834989342,0.00040289909200342703,144.5178344200016,1.9915278093860225,0.24645273048596916,0.014810362404701592
gwo_population,30,GWO,1130.0,9.273618495495704,1141.0,6.964194138592052,1164.6,6.426507605223839,28.171773588605117,0.09763536421035388,113989.8,675.2782389504342,0.9981530306260957,0.0012898451378470118,81.49223461999937,1.523639293677707,0.2488833375016192,0.014448555549437577
gwo_population,30,Hybrid GWO-ABC,1128.0,10.700467279516348,1140.2,6.610597552415362,1163.0,7.483314773547883,28.163837508759446,0.08048614739231985,113986.4,567.3872575234655,0.9986543319622706,0.0004466502701412733,154.1677181399995,2.7986404871131505,0.24602667327424155,0.01535511280302984
gwo_population,40,GWO,1130.6,6.268971207462986,1141.2,7.2249567472753755,1161.6,4.929503017546524,28.163967922912565,0.09828489762159799,113995.8,604.3820811374208,0.9984002646453419,0.0006434841569023785,95.54305609993898,1.0263913396980944,0.24907361276699688,0.013626108849937032
gwo_population,40,Hybrid GWO-ABC,1129.6,8.264381404557753,1140.6,7.056911505750936,1158.0,4.183300132670374,28.165243386929784,0.0834916847422394,113966.4,667.5771865484924,0.9983076092081454,0.0002134030681018782,160.06256656001133,2.997981991916628,0.24610178609650063,0.015424713336327556
initial_energy,0.25,ABC,562.0,3.937003937005909,572.4,3.507135583350037,585.2,2.9495762407505186,3.187233944091958,0.08626075500469058,57101.8,243.23178246273676,0.9969753166461137,0.0008556828165190755,56.87814954001078,1.2385751759996622,0.2642282733592817,0.015411766914920862
initial_energy,0.25,GWO,561.4,3.2093613071762332,572.0,3.674234614174771,593.0,9.460443964212256,3.197268123410086,0.09124838911985021,57153.6,265.1967194367234,0.9976302037876248,0.0005136192814156377,32.26987796000903,0.6558316711780604,0.2663882186458716,0.013267065328839867
initial_energy,0.25,Hybrid GWO-ABC,562.8,2.167948338867879,571.4,2.9664793948382693,585.4,2.8809720581775786,3.1789784988295344,0.08712020379811085,57080.4,267.32994594695157,0.9971175821566532,0.0008246041591463463,66.6733925799912,0.6614883148360853,0.2622317897338632,0.015661614280923827
initial_energy,0.25,LEACH,417.2,8.584870412533894,558.8,2.4899799195977415,670.4,20.513410247932942,2.7394122337700306,0.16774063022353192,54207.0,165.23165556272758,0.978793118704616,0.002524673980386666,0.02774481999804266,0.002532144463264758,1.5438781032319877,0.15258202414590463
initial_energy,0.5,ABC,1124.4,11.67475909815702,1140.6,6.730527468185527,1166.2,4.9699094559156896,28.17491576613394,0.08251381735351852,114093.2,639.2340729341639,0.9988960976005268,0.0003279928840281895,114.66243049999757,1.6215438234076018,0.2482588624009349,0.015632909531740822
initial_energy,0.5,GWO,1129.8,7.328028384224492,1140.6,7.266360849833991,1165.6,4.669047011971495,28.17026868401512,0.08244592400313158,114035.8,592.8563907052032,0.9984756651111532,0.000445659328723675,61.823990079974465,1.0159820713572454,0.24888860417589478,0.014366038576297806
initial_energy,0.5,Hybrid GWO-ABC,1130.4,6.655824516917507,1140.6,6.693280212272605,1162.0,9.46044396421227,28.158603408913127,0.09022643016004035,113995.0,545.7687239115118,0.9982392834989342,0.00040289909200342703,134.54923489998183,1.6017244883532802,0.24645273048596916,0.014810362404701592
initial_energy,0.5,LEACH,883.8,29.88645178002901,1104.6,9.343446901438485,1295.2,46.15950606321518,27.502364046565294,0.13764728083036404,109314.0,585.0465793421921,0.9893558418230292,0.0019133041038187693,0.05843460010801209,0.007687278314083129,1.312320466016635,0.11820657028153346
initial_energy,1.0,ABC,2000.0,0.0,2000.0,0.0,2000.0,0.0,78.1721734932162,0.07440294196459309,200000.0,0.0,1.0,0.0,198.13452033996072,3.3672906953119477,0.24160151485772619,0.015287362839817659
initial_energy,1.0,GWO,2000.0,0.0,2000.0,0.0,2000.0,0.0,78.14848964598227,0.08173282962324524,200000.0,0.0,1.0,0.0,106.28645706000243,0.8741856671223005,0.24353530864199519,0.01493728863548888
initial_energy,1.0,Hybrid GWO-ABC,2000.0,0.0,2000.0,0.0,2000.0,0.0,78.15675877089174,0.10366286160299039,200000.0,0.0,1.0,0.0,235.494152280024,2.0720320095321902,0.2404081279173758,0.01428580956192696
initial_energy,1.0,LEACH,1829.4,50.35176263051773,2000.0,0.0,2000.0,0.0,77.50236404656532,0.13764728083035624,198881.0,364.64297607385737,0.9985025540936974,0.0005960866700222382,0.09183567992295139,0.007696702409948095,1.307024557492514,0.11823907958922183
iterations,10,ABC,1124.0,10.931605554537713,1139.8,5.974947698515876,1161.6,7.635443667528427,28.125906470629452,0.07405781420322674,113887.2,525.6455079233541,0.9985296453938656,0.00034811741294505017,38.75620865997771,0.7968131431486323,0.2564501754489837,0.015326472146936025
iterations,10,GWO,1129.0,9.300537618869138,1141.2,7.981227975693974,1161.0,5.477225575051652,28.156324277375386,0.0961046494069414,113957.8,647.3702186539012,0.9980272334441306,0.0008517114488168094,23.00085067996988,0.6497184362117862,0.2525870338354531,0.013669279579066579
iterations,10,Hybrid GWO-ABC,1131.0,6.782329983125256,1140.8,6.760177512462219,1169.0,8.57321409974111,28.169073189130415,0.08263375280969135,114018.8,634.2631157492922,0.9981339923363481,0.00046522726743842457,47.81893656003085,3.286250419759158,0.2488429623920431,0.01566065924676255
iterations,20,ABC,1131.2,8.318653737234179,1140.8,6.870225614927063,1160.2,2.04939015319191,28.162590699942502,0.07648060346038109,114050.0,595.1222563473827,0.9985317961967652,0.00034883134358217787,87.50818073998744,1.1948691076329172,0.25095519280033146,0.016059606809576504
iterations,20,GWO,1128.8,8.136338242723197,1140.8,6.906518659932796,1158.4,9.28977932999486,28.170251031377358,0.08939797341460859,113911.4,695.8902930778669,0.998010612582075,0.0004755310864536489,42.21082750002097,1.3306190759527121,0.2502097576696042,0.014242085281518838
iterations,20,Hybrid GWO-ABC,1128.8,11.189280584559492,1140.6,6.148170459575749,1165.2,4.324349662087936,28.171312574234626,0.08426037471001509,113983.6,601.1221173771598,0.9979854932977192,0.0007774957139033848,93.91442232000263,0.8028425613041604,0.24687725664472246,0.015866802308750937
iterations,30,ABC,1124.4,11.67475909815702,1140.6,6.730527468185527,1166.2,4.9699094559156896,28.17491576613394,0.08251381735351852,114093.2,639.2340729341639,0.9988960976005268,0.0003279928840281895,132.39285802001177,1.7432464978441646,0.2482588624009349,0.015632909531740822
iterations,30,GWO,1129.8,7.328028384224492,1140.6,7.266360849833991,1165.6,4.669047011971495,28.17026868401512,0.08244592400313158,114035.8,592.8563907052032,0.9984756651111532,0.000445659328723675,62.392558019951686,1.3522806790515591,0.24888860417589478,0.014366038576297806
iterations,30,Hybrid GWO-ABC,1130.4,6.655824516917507,1140.6,6.693280212272605,1162.0,9.46044396421227,28.158603408913127,0.09022643016004035,113995.0,545.7687239115118,0.9982392834989342,0.00040289909200342703,141.50876434000457,2.1826708918267976,0.24645273048596916,0.014810362404701592
iterations,50,ABC,1130.6,5.856620185738539,1141.6,6.107372593840999,1157.6,3.6469165057620683,28.170721780598335,0.07306554112174775,114058.4,580.3902135632543,0.9985452482034975,0.000547685417612748,196.82112622002532,2.438490334378875,0.2459360680673523,0.016266205556859856
iterations,50,GWO,1128.2,13.405222862750165,1141.6,7.4363969770312774,1162.0,5.873670062235375,28.18161250689847,0.09250404023650034,114034.8,709.2663110567145,0.9981291904345065,0.0007094207314753328,100.39524207997019,1.6911156544179147,0.24813387440856696,0.015168924729531272
iterations,50,Hybrid GWO-ABC,1130.0,8.485281374238557,1140.8,7.7265775088327535,1162.0,6.244997998398381,28.172864840231693,0.1044998425234707,114031.4,675.975073504933,0.9982179718946078,0.000347267169391424,233.6402955599886,3.162644361450307,0.24606933921596252,0.013942984945568273
n_nodes,100,ABC,1124.4,11.67475909815702,1140.6,6.730527468185527,1166.2,4.9699094559156896,28.17491576613394,0.08251381735351852,114093.2,639.2340729341639,0.9988960976005268,0.0003279928840281895,110.88905294001378,3.2139117063325533,0.2482588624009349,0.015632909531740822
n_nodes,100,GWO,1129.8,7.328028384224492,1140.6,7.266360849833991,1165.6,4.669047011971495,28.17026868401512,0.08244592400313158,114035.8,592.8563907052032,0.9984756651111532,0.000445659328723675,65.04048718004051,3.0897144304135207,0.24888860417589478,0.014366038576297806
n_nodes,100,Hybrid GWO-ABC,1130.4,6.655824516917507,1140.6,6.693280212272605,1162.0,9.46044396421227,28.158603408913127,0.09022643016004035,113995.0,545.7687239115118,0.9982392834989342,0.00040289909200342703,117.34611576002644,1.2964269632752206,0.24645273048596916,0.014810362404701592
n_nodes,100,LEACH,883.8,29.88645178002901,1104.6,9.343446901438485,1295.2,46.15950606321518,27.502364046565294,0.13764728083036404,109314.0,585.0465793421921,0.9893558418230292,0.0019133041038187693,0.06620164002961246,0.005787379068490172,1.312320466016635,0.11820657028153346
n_nodes,150,ABC,1157.6,4.827007354458878,1169.0,4.9999999999999885,1185.4,4.159326868617092,42.95531040685218,0.07076021451189621,174937.4,625.2078054535142,0.9976002533661699,0.0003989332484156721,128.51547395999222,3.233379013410841,0.24092912145007386,0.01278412326922816
n_nodes,150,GWO,1157.4,6.387487769068504,1168.8,4.207136793592541,1191.2,8.258329128825036,42.97301515104796,0.08486971897563454,174891.6,685.809959099457,0.9970912862583834,0.000726968379130466,89.17295674007183,1.3382049813796326,0.23868081568977204,0.01177289233106412
n_nodes,150,Hybrid GWO-ABC,1155.0,9.617692030835665,1168.0,5.291502622129181,1192.4,13.371611720357413,42.932437243807726,0.0832768672356975,174757.2,518.1126325423835,0.9968898126956495,0.001229858754192721,155.29279591999656,11.62153485685188,0.23489109376715778,0.011378307699718733
n_nodes,150,LEACH,913.4,16.516658257650057,1134.4,4.159326868617072,1369.0,42.941821107167776,42.2084884491331,0.08180307804932803,168551.8,776.4848356536039,0.9882776573924492,0.0005486594214767248,0.057494579917693044,0.014327584826169706,1.1763106381811794,0.07621588587937948
n_nodes,200,ABC,1162.6,4.449719092257405,1176.2,2.387467277262662,1210.0,32.76430985081175,57.51803545194883,0.05355230079574369,234489.2,597.7588978844233,0.9968100667025693,0.0005874363678132864,147.6601300000497,2.1393815287740314,0.23155338220740415,0.005653885447973725
n_nodes,200,GWO,1164.0,3.5355339059327378,1175.8,3.1144823004794877,1219.4,35.997222115046576,57.52689815717355,0.06873105714477432,234593.8,735.591054866766,0.9971485205217931,0.0009845811293486106,104.28253347999126,2.206569069258248,0.22659347202547417,0.005218845026440364
n_nodes,200,Hybrid GWO-ABC,1162.8,6.685805860178728,1174.6,2.5099800796022262,1202.6,17.980545041794503,57.48069779949159,0.07374256871145407,234220.6,718.79851140636,0.9966789751303351,0.0008547187180869683,176.18274672004335,3.2408019295722803,0.22313682598198406,0.0069212027506965
n_nodes,200,LEACH,930.6,25.70603042089541,1151.4,5.412947441089763,1402.2,51.896049946021904,56.951964401187205,0.05537260812717879,228345.6,605.9589920118353,0.9879153477377212,0.0008494066251561166,0.0608273199890391,0.01495824079724223,1.1233837546601706,0.14026599282006968
n_nodes,50,ABC,1081.8,20.825465180878904,1095.6,15.565988564816545,1111.4,8.876936408468861,13.648573869058254,0.12548639834301328,54713.0,697.5510733989298,0.9984896846498186,0.0008412194802285425,98.2046966199996,1.7934694205653943,0.2633671316551937,0.02060095712928189
n_nodes,50,GWO,1082.2,17.640861656959967,1094.4,15.97811002590732,1108.8,18.793615937333605,13.626400141726299,0.13069398438980195,54669.0,767.8401526359506,0.9987348428447065,0.0006801375608956944,45.59848812000782,0.8748762977870741,0.26580644342218046,0.01954487508469228
n_nodes,50,Hybrid GWO-ABC,1080.0,21.295539439046856,1095.0,16.985287751463048,1113.6,11.282730166054654,13.651548401751228,0.13904600165763237,54722.0,809.6341766501714,0.9987124373536677,0.0005101101207733924,104.3679508600093,0.9419450335267686,0.26364595763391163,0.021092159008334787
n_nodes,50,LEACH,954.0,16.294170736800325,1079.8,7.155417527999334,1223.4,32.02030605725061,13.38900153617332,0.10053089164384438,53763.8,416.8119480053319,0.9930206548210034,0.0011145810812394662,0.0546478400225169,0.009706244695487146,1.4228032055282824,0.03695207795777505
weights,balance-heavy (.20/.20/.15/.35/.10),Hybrid GWO-ABC,1114.8,12.214745187681979,1127.8,10.034938963441675,1161.6,33.87181719364935,27.976136528581613,0.09339304053899103,112712.4,884.0505076068898,0.9985264413999844,0.0006532756355815957,139.64433974000858,2.887559770855456,0.20150218460576963,0.013674519926744332
weights,default (.30/.25/.20/.15/.10),Hybrid GWO-ABC,1130.4,6.655824516917507,1140.6,6.693280212272605,1162.0,9.46044396421227,28.158603408913127,0.09022643016004035,113995.0,545.7687239115118,0.9982392834989342,0.00040289909200342703,142.21603737996483,1.310564498274464,0.24645273048596916,0.014810362404701592
weights,distance-heavy (.15/.35/.30/.10/.10),Hybrid GWO-ABC,1123.2,8.467585252006629,1138.6,6.228964600958988,1195.8,49.23616556962981,28.143450694052728,0.0905419609241696,113719.4,701.3261010400219,0.9980757389008028,0.0007610842896596825,145.247721740001,4.74739895089667,0.29769655687834345,0.013587155679765229
weights,energy-heavy (.50/.15/.15/.10/.10),Hybrid GWO-ABC,1135.8,7.59605160593318,1146.8,6.058052492344399,1157.2,4.086563348340505,28.21505444748326,0.08238743317844635,114397.0,481.9278991716499,0.9972844140439383,0.0007100805911845204,141.03405685999823,2.7415076188962675,0.22337909976928388,0.01800899531108221
weights,equal (.20 each),Hybrid GWO-ABC,1132.8,6.457553716385191,1141.8,7.46324326281811,1175.0,22.090722034374537,28.176181876748956,0.08162123303064445,114108.4,691.3337110252918,0.9982295612641637,0.0007184429863138568,143.4542002200047,4.508757677090212,0.2209266431241399,0.011978874419623422
