node_id,x,y,initial_energy,residual_energy,status,is_cluster_head,cluster_id,distance_to_ch,distance_to_bs,packets_generated,packets_transmitted,packets_received
0,77.39560485559633,43.88784397520523,0.5,0.09216615011489428,ALIVE,False,21,14.640898446064282,28.069157747880652,935,935,908
1,85.85979199113825,69.73680290593639,0.5,0.09162508588889577,ALIVE,False,9,7.263543531640785,40.93245742189787,935,935,926
2,9.417734788764953,97.5622351636756,0.5,0.14583349037381754,ALIVE,False,57,14.486174799445147,62.52268758970457,935,935,590
3,76.1139701990353,78.60643052769538,0.5,0.08794960812292794,ALIVE,False,9,16.810843703900126,38.73328422806367,935,935,953
4,12.811363267554587,45.038593789556714,0.5,0.09353959927439133,ALIVE,False,85,17.517868679090903,37.51813233095184,935,935,892
5,37.07980242325812,92.67649888486018,0.5,0.09120791347963908,ALIVE,False,57,20.63175117064418,44.589405271785346,935,935,885
6,64.38651200806646,82.276161327083,0.5,0.08813878390838831,ALIVE,False,9,26.511904324418598,35.33726528425946,935,935,933
7,44.34141988273311,22.723872178477688,0.5,0.09139979926017923,ALIVE,False,13,18.490968129455858,27.856896415063034,935,935,918
8,55.45847870158348,6.381725610417533,0.5,0.090228242055611,ALIVE,False,13,9.011428415344502,43.9584900839479,935,935,890
9,82.7631171992582,63.166439912206485,0.5,0.08731978236463085,ALIVE,True,9,0.0,35.30972937554283,935,935,943
10,75.80877400853738,35.45259681298683,0.5,0.09011003308097054,ALIVE,False,21,7.15602285262009,29.626335502543604,935,935,924
11,97.06980243949033,89.31211213221977,0.5,0.09724501377168346,ALIVE,False,9,29.803983263977486,61.327061416546535,935,935,802
12,77.83834970737618,19.463870785196757,0.5,0.0919767446843886,ALIVE,False,21,14.12881806161094,41.321046717784526,935,935,886
13,46.67210037270342,4.380376578722878,0.5,0.08874558342916591,ALIVE,True,13,0.0,45.740845609023204,935,935,896
14,15.428949206754783,68.30489532424546,0.5,0.09180009148788257,ALIVE,False,57,17.501549200417433,39.11811275842336,935,935,914
15,74.47621559078172,96.750973243421,0.5,0.09239291541561802,ALIVE,False,9,34.59181431125041,52.77062278250554,935,935,860
16,32.58253581381519,37.045970603486886,0.5,0.0923628500319933,ALIVE,False,85,14.875130166684515,21.706564359261378,935,935,903
17,46.95558112758079,18.94713590842857,0.5,0.09134451127860793,ALIVE,False,13,14.569517449385676,31.201744415342365,935,935,918
18,12.992150533547164,47.57049262259338,0.5,0.09058641238021858,ALIVE,False,85,16.57359799740323,37.08751040752812,935,935,903
19,22.69093490508841,66.98139946825104,0.5,0.0914308037431564,ALIVE,False,85,16.747171128176365,32.15824877474573,935,935,919
20,43.715191887233075,83.26781960578374,0.5,0.0920754974604233,ALIVE,False,57,26.147701761276156,33.85626432932715,935,935,891
21,70.0265102002249,31.236664138204105,0.5,0.08914351293092744,ALIVE,True,21,0.0,27.443102657357606,935,935,934
22,83.2259801395201,80.47643574968019,0.5,0.09141441423874437,ALIVE,False,9,17.316183124315387,45.086349289293416,935,935,926
23,38.74783790301745,28.83281039302441,0.5,0.08977305698599136,ALIVE,False,85,24.64345531193525,23.97208934812371,935,935,919
24,68.24955039749754,13.97524836093098,0.5,0.09003351782851557,ALIVE,False,21,17.352638438473914,40.38352164395039,935,935,902
25,19.990820247510833,0.7362269751005512,0.5,0.0961934072611174,ALIVE,False,13,26.92899061332559,57.684228365004735,935,935,807
26,78.69243775021384,66.48508565920321,0.5,0.08871738826831976,ALIVE,False,9,5.252032061110399,33.09099625640128,935,935,947
27,70.51653786263351,78.07290310219679,0.5,0.09005002151317361,ALIVE,False,9,19.292002236231955,34.77091046340611,935,935,942
28,45.891577553834,56.87411959528937,0.5,0.0923712560846011,ALIVE,False,85,17.636690729777147,8.008286658611938,935,935,890
29,13.979699812765745,11.453007353597345,0.5,0.09056156276429637,ALIVE,False,13,33.448694450592754,52.75729966232435,935,935,858
30,66.84029617904716,47.10962061431325,0.5,0.09259108947843865,ALIVE,False,21,16.18958637770604,17.08654056242027,935,935,905
31,56.52361064811888,76.49988574160255,0.5,0.0915766088264958,ALIVE,False,9,29.432846986533985,27.291050551531363,935,935,905
32,63.47183200005908,55.35794006579958,0.5,0.08885277179226934,ALIVE,False,9,20.811687929819048,14.498199170466526,935,935,918
33,55.92071607454135,30.39500980626122,0.5,0.09003614416195767,ALIVE,False,21,14.130881427945209,20.47951462637545,935,935,924
34,3.0817834567939406,43.671738923236234,0.5,0.0925934821814317,ALIVE,False,85,27.164154086113882,47.34306635454508,935,935,857
35,21.45846728195292,40.852864372463614,0.5,0.09102580298043284,ALIVE,False,85,13.105369263127324,29.97147277135205,935,935,916
36,85.34030732681661,23.393948586534073,0.5,0.09089063748682175,ALIVE,False,21,17.2052483172669,44.23595024151556,935,935,871
37,5.830274168906602,28.138389202199654,0.5,0.09115692608890909,ALIVE,False,85,32.971649167883854,49.28381789866183,935,935,863
38,29.35937577666836,66.1916514726895,0.5,0.09013854554221722,ALIVE,False,85,14.688376239009493,26.233660547888334,935,935,920
39,55.70321523412783,78.38982091064135,0.5,0.09171824899654948,ALIVE,False,9,31.048182287953257,28.957012887124193,935,935,901
40,66.43135403273875,40.63868614400705,0.5,0.09116793838053476,ALIVE,False,21,10.06594087337178,18.91093843413398,935,935,919
41,81.40203846660347,16.697291990770392,0.5,0.09177512092357794,ALIVE,False,21,18.460660491454497,45.772900067682514,935,935,862
42,2.2712073133860478,9.004786077564175,0.5,0.12020467549554859,ALIVE,False,13,44.6410625733518,62.91776550282162,935,935,646
43,72.23593505964503,46.18772302513874,0.5,0.09182286914277973,ALIVE,False,21,15.1134284677571,22.560369316786645,935,935,911
44,16.127177903360177,50.10447751033635,0.5,0.09010808190611574,ALIVE,False,85,13.040109934378918,33.87298322174735,935,935,912
45,15.231210271316842,69.6320375077736,0.5,0.09300509199928525,ALIVE,False,57,16.214950553213296,39.92850655739597,935,935,908
46,44.61562755740307,38.10212260964825,0.5,0.0914742999088042,ALIVE,False,85,20.50965523508378,13.059515802526548,935,935,900
47,30.151208914787652,63.028259311888846,0.5,0.08851643270446535,ALIVE,False,85,11.571147601871566,23.742578803538244,935,935,922
48,36.18126105533904,8.7649919316101,0.5,0.08996936811150195,ALIVE,False,13,11.370248958379609,43.488888654699714,935,935,907
49,11.800590212051532,96.18976645495145,0.5,0.13403292499295655,ALIVE,False,57,12.05741949243034,59.93904765101437,935,935,660
50,90.8580690707607,69.97071338107496,0.5,0.0919722662775396,ALIVE,False,9,10.574799442121314,45.47759009820221,935,935,906
51,26.586996145951957,96.91763773477238,0.5,0.09374358797382024,ALIVE,False,57,14.355672070057116,52.4350405748008,935,935,863
52,77.87509039657947,71.68901891589957,0.5,0.09163023712420204,ALIVE,False,9,9.824823606451968,35.31903461522874,935,935,939
53,44.93615021437887,27.224156184515902,0.5,0.0919745256599238,ALIVE,False,13,22.90964403106762,23.331987402676617,935,935,910
54,9.63909621534993,90.26023965438416,0.5,0.10284396842435935,ALIVE,False,57,9.260747053925133,57.007801670843506,935,935,813
55,45.57762898336111,20.236336479523032,0.5,0.0891242834052526,ALIVE,False,13,15.893688432766995,30.09041428044784,935,935,929
56,30.59566241506525,57.9219568941896,0.5,0.08944936418698296,ALIVE,False,85,6.590131830421377,20.959144022204473,935,935,916
57,17.67727829392317,85.66142840923754,0.5,0.0895391103409257,ALIVE,True,57,0.0,48.12998872507312,935,935,916
58,75.85195298352102,71.94629559509367,0.5,0.09072445442067935,ALIVE,False,9,11.17363220395287,33.911109734265686,935,935,943
59,43.20930397751037,62.73088407024432,0.5,0.08757112092237478,ALIVE,False,85,18.036320102722293,14.428754682225943,935,935,913
60,58.40979689127356,64.984660155482,0.5,0.08944226443800628,ALIVE,False,9,24.421100197909887,17.183268714879727,935,935,915
61,8.44443211398891,41.58074021706096,0.5,0.08963077444649967,ALIVE,False,85,22.908911267047998,42.399872141570086,935,935,895
62,4.161417386189248,49.39908192445189,0.5,0.0905498399704566,ALIVE,False,85,25.01921390432303,45.84252129384545,935,935,870
63,32.98612123327853,14.45241888660469,0.5,0.09024407966937398,ALIVE,False,13,16.99270611928937,39.40942265121521,935,935,918
64,10.340296772255165,58.7644572177712,0.5,0.0930103153130206,ALIVE,False,85,20.107402492901805,40.616594766609076,935,935,889
65,17.05929685368861,92.51201183767972,0.5,0.09089305427122174,ALIVE,False,57,6.878400567757083,53.78067565827367,935,935,884
66,58.106113970039495,34.686980453483706,0.5,0.0899725909758075,ALIVE,False,21,12.409694958382463,17.32621283856514,935,935,924
67,59.091549148141674,2.28038710296975,0.5,0.09234452063193171,ALIVE,False,13,12.595739902205375,48.577955092361506,935,935,853
68,95.85592132414453,48.23034369429002,0.5,0.09066321091438707,ALIVE,False,9,19.862237791434755,45.890055610409455,935,935,849
69,78.27352272502863,8.272999992243857,0.5,0.09566164657292543,ALIVE,False,21,24.399653411323893,50.40371630078472,935,935,818
70,48.66583308381603,49.07069943545209,0.5,0.09022465011093511,ALIVE,False,85,19.724925741358227,1.6259154035523802,935,935,900
71,93.78264549749828,57.17280523760754,0.5,0.09126582437280716,ALIVE,False,9,12.54406873898053,44.366306830028755,935,935,873
72,47.348940105695384,26.69756630918936,0.5,0.08955917069067475,ALIVE,False,13,22.32745102983758,23.45275110680658,935,935,922
73,33.15689973425522,52.06724024715378,0.5,0.09106522465196906,ALIVE,False,85,4.103715436113322,16.969487582168895,935,935,908
74,43.89114603050467,2.1612079880330426,0.5,0.08952202834441667,ALIVE,False,13,3.5578668169703,48.22725492898028,935,935,881
75,82.62919241943578,89.61607718397667,0.5,0.09021025847151945,ALIVE,False,9,26.44997632616833,51.32346217268826,935,935,899
76,14.024908899861078,55.40361435390494,0.5,0.08953624155790908,ALIVE,False,85,15.562916026322972,36.37865071369501,935,935,911
77,10.857574113544356,67.22400930398116,0.5,0.09141383694769645,ALIVE,False,57,19.65824988066713,42.76442447619636,935,935,902
78,28.123378383900832,65.94226346919018,0.5,0.08838232088285373,ALIVE,False,85,14.46899446211872,27.06921383888075,935,935,928
79,72.69946142868827,76.8647491917657,0.5,0.09170109581298284,ALIVE,False,9,16.997671740182053,35.170730704507434,935,935,937
80,10.774094595589656,91.60118451376078,0.5,0.1000800459785312,ALIVE,False,57,9.106846202399526,57.17805704764476,935,935,823
81,23.02139908948808,3.741255617617978,0.5,0.08845080521435925,ALIVE,False,13,23.659335299006337,53.551062911236734,935,935,866
82,55.48524693914834,37.092228386243875,0.5,0.08922862177125232,ALIVE,False,21,15.675967909218768,14.024924314103254,935,935,921
83,82.97897431324131,80.82514720643019,0.5,0.08883700830344672,ALIVE,False,9,17.660026545753734,45.142025287436105,935,935,937
84,31.713889282271534,95.28993950697449,0.5,0.09323575325317285,ALIVE,False,57,17.021594343582084,48.842199640540684,935,935,872
85,29.091783814011862,51.50571292317145,0.5,0.08768778917658304,ALIVE,True,85,0.0,20.962363308725994,935,935,926
86,25.596509056760276,93.60435700489633,0.5,0.09158823880253958,ALIVE,False,57,11.216252963926928,49.96869339923984,935,935,889
87,16.460781758201815,4.491061939232899,0.5,0.0918410729476806,ALIVE,False,13,30.211521373078224,56.53266846425794,935,935,829
88,43.509706000303794,99.2375564055837,0.5,0.0902998728305604,ALIVE,False,57,29.182624497782157,49.66347628786701,935,935,844
89,89.1677266254914,74.86080194569492,0.5,0.09115255201577181,ALIVE,False,9,13.333308864377619,46.391489331474325,935,935,916
90,89.07924908785249,89.34466396978632,0.5,0.09152651153101506,ALIVE,False,9,26.929406544574455,55.45439831217919,935,935,872
91,51.885836038644904,31.5929051830793,0.5,0.0892019513214721,ALIVE,False,21,18.14417170109096,18.503446088871144,935,935,922
92,77.2012432110988,66.16612631677611,0.5,0.09220458713405393,ALIVE,False,9,6.319221533221009,31.642554769160306,935,935,931
93,37.36577288737101,9.446666806151526,0.5,0.09055081989794468,ALIVE,False,13,10.595991125552743,42.47583463411616,935,935,906
94,74.6789611349026,26.246051592286467,0.5,0.08985192731560432,ALIVE,False,21,6.822866940154544,34.2534843140716,935,935,919
95,93.68131505337793,24.097057500568475,0.5,0.09006547692678542,ALIVE,False,21,24.708779321951997,50.78404980819585,935,935,825
96,12.275793241148602,83.11126721249062,0.5,0.09118594165575174,ALIVE,False,57,5.9732204801715465,50.19434023873136,935,935,899
97,15.328431662449404,17.926830815773908,0.5,0.09177223522417217,ALIVE,False,13,34.145746303378324,47.23140726789146,935,935,878
98,59.93827915208435,87.45620408374644,0.5,0.0890162842998118,ALIVE,False,9,33.33115472630286,38.7522466041392,935,935,906
99,19.643466571457324,31.03236729000948,0.5,0.09240083982196211,ALIVE,False,85,22.54836091894189,35.795114365222126,935,935,905
