,DEAI-PSO,DEAI-PSO + proposed fitness,Hybrid GWO-ABC (Eq. 12),"Hybrid GWO-ABC (Eq. 12, fixed K)",Hybrid GWO-ABC
FND (rounds),632 ± 16,615 ± 17,636 ± 20,637 ± 17,620 ± 17
HND (rounds),647 ± 17,632 ± 18,691 ± 16,650 ± 18,652 ± 18
LND (rounds),653 ± 18,662 ± 15,700 ± 15,654 ± 18,672 ± 15
Residual Energy (J),26.765 ± 0.598,25.979 ± 0.697,28.134 ± 0.463,26.872 ± 0.620,26.726 ± 0.642
Energy Consumption (J),23.235 ± 0.598,24.021 ± 0.697,21.866 ± 0.463,23.128 ± 0.620,23.274 ± 0.642
Throughput (packets),"64,045 ± 1,710","63,210 ± 1,778","68,360 ± 1,539","64,387 ± 1,744","65,102 ± 1,692"
PDR (ratio),0.9913 ± 0.0012,0.9966 ± 0.0011,0.9915 ± 0.0018,0.9922 ± 0.0008,0.9981 ± 0.0003
Avg. Cluster Distance (m),24.102 ± 1.524,23.266 ± 1.468,27.482 ± 1.358,23.676 ± 1.441,25.320 ± 1.517
Avg. CH-BS Distance (m),124.399 ± 2.627,129.022 ± 2.984,127.608 ± 2.294,123.883 ± 2.875,131.646 ± 2.853
Runtime (s),37.71 ± 1.95,30.84 ± 1.12,88.75 ± 7.83,85.28 ± 7.66,87.62 ± 8.66
Final Fitness (-),0.3255 ± 0.0049,0.3094 ± 0.0049,0.3302 ± 0.0078,0.3237 ± 0.0049,0.2993 ± 0.0061
