algorithm,run,seed,fnd,hnd,lnd,fnd_censored,hnd_censored,lnd_censored,rounds_simulated,node_rounds,residual_energy_cp,energy_consumed_cp,residual_energy_end,energy_consumed_end,packets_generated,throughput_packets,bs_packets,throughput_bits,pdr,avg_cluster_distance,avg_ch_bs_distance,avg_ch_count,cluster_imbalance,final_fitness,runtime,runtime_per_round,evaluations,wall_time
Random,0,42,783.0,1134.0,1348.0,False,False,False,1348,111363.0,27.878133374963326,22.121866625036674,0.0,50.0,111463,110393,5634,22536000.0,0.9904004019270969,24.11361073601641,37.296000203856934,5.0,0.4711136092790648,0.2917950182906661,0.3489031000135583,0.25883019288839637,0,1.859891799998877
LEACH,0,42,887.0,1108.0,1297.0,False,False,False,1297,110318.0,27.447991395230233,22.552008604769767,0.0,50.0,110418,109533,6751,27004000.0,0.9919850024452534,26.547949468793895,37.580062012514986,5.0,0.46099739253260624,1.2866845539151486,0.03553879992250586,0.02740077095027437,0,1.4744898000062676
GWO,0,42,1135.0,1146.0,1163.0,False,False,False,1163,114574.0,28.219625932753207,21.780374067246793,0.0,50.0,114674,114504,5517,22068000.0,0.9985175366691665,21.62509786352292,37.218260811017245,4.824,0.1785993634314824,0.24448074393931807,36.22259940012009,31.145829234841006,721060,37.09096039999713
ABC,0,42,1138.0,1147.0,1159.0,False,False,False,1159,114641.0,28.228662846299308,21.771337153700692,0.0,50.0,114741,114637,5512,22048000.0,0.9990936108278645,21.55646997001877,37.31883359325321,4.788,0.16442685636740959,0.24472622041270561,74.30702149990975,64.11304702321807,723004,75.27245779999794
Hybrid GWO-ABC,0,42,1132.0,1146.0,1160.0,False,False,False,1160,114576.0,28.2100360217735,21.7899639782265,0.0,50.0,114676,114457,5516,22064000.0,0.9980902717220691,21.717517709296864,37.211609458693694,4.83,0.15128512308458247,0.23957350571580852,107.30217040015123,92.50187103461313,727486,108.32873660000041
Random,1,43,776.0,1126.0,1305.0,False,False,False,1305,110735.0,27.730243896048975,22.269756103951025,0.0,50.0,110835,109825,5589,22356000.0,0.9908873550773672,25.35035131318652,38.40698692743078,5.0,0.48327470307355636,0.2821546254530008,0.33838389993616147,0.25929800761391686,0,1.812278099998366
LEACH,1,43,877.0,1095.0,1242.0,False,False,False,1242,109647.0,27.374957924647834,22.625042075352166,0.0,50.0,109747,108726,6826,27304000.0,0.9906967844223532,27.389386354704342,38.61342291403188,5.0,0.44051288481262335,1.4095189180429162,0.03458009992755251,0.027842270473069655,0,1.4404684999972233
GWO,1,43,1119.0,1130.0,1173.0,False,False,False,1173,113242.0,28.045338016193128,21.954661983806872,0.0,50.0,113342,113240,5379,21516000.0,0.9991000688182669,23.08919381305912,38.12453213972811,4.824,0.1690189329347242,0.23095116178115566,36.93572799989488,31.48825916444576,727260,37.8027030000012
ABC,1,43,1111.0,1131.0,1167.0,False,False,False,1167,113217.0,28.04736901300312,21.95263098699688,0.0,50.0,113317,113133,5369,21476000.0,0.9983762365752712,23.0847771715484,38.02775011915061,4.826,0.14653479217524254,0.22810226722442395,74.4613754000602,63.805805826958185,729088,75.40415960000246
Hybrid GWO-ABC,1,43,1122.0,1132.0,1177.0,False,False,False,1177,113376.0,28.034513729496283,21.965486270503717,0.0,50.0,113476,113288,5431,21724000.0,0.9983432620113504,23.179428194142286,38.073941812802076,4.816,0.1458399736625261,0.22824062097097988,109.69094360012241,93.19536414623825,739009,110.74559679999948
Random,2,44,801.0,1131.0,1329.0,False,False,False,1329,111170.0,27.717758910835457,22.282241089164543,0.0,50.0,111270,110264,5653,22612000.0,0.9909589287319134,25.120334127756994,39.554670084243455,5.0,0.47863089185288604,0.3105609004926011,0.3358986997700413,0.25274544753201,0,1.8049711999992724
LEACH,2,44,931.0,1099.0,1268.0,False,False,False,1268,110154.0,27.393252366663823,22.606747633336177,0.0,50.0,110254,108913,7190,28760000.0,0.9878371759754748,26.815667152289567,39.70173121213674,5.0,0.44268873116875845,1.1196981600891,0.0355176000011852,0.028010725552985175,0,1.5107531999965431
GWO,2,44,1138.0,1148.0,1164.0,False,False,False,1164,114759.0,28.227595401241214,21.772404598758786,0.0,50.0,114859,114689,5643,22572000.0,0.9985199244290827,21.417307034674337,39.34434610490987,4.916,0.16781366050125382,0.25704315007139383,36.762442000101146,31.58285395197693,721680,37.62443050000002
ABC,2,44,1134.0,1147.0,1173.0,False,False,False,1173,114743.0,28.250699932935106,21.749300067064894,0.0,50.0,114843,114701,5594,22376000.0,0.9987635293400555,21.223038569919876,39.27932503971907,4.856,0.14911993058553236,0.2553690592610006,74.96907149998879,63.91225191814901,731625,75.95504880000226
Hybrid GWO-ABC,2,44,1140.0,1148.0,1157.0,False,False,False,1157,114723.0,28.25158652514701,21.74841347485299,0.0,50.0,114823,114549,5616,22464000.0,0.9976137185058742,21.22537864279103,39.44597635824858,4.876,0.1437741169789475,0.25556488082877593,108.39514680003776,93.6863844425564,725295,109.43251820000296
Random,3,45,848.0,1132.0,1311.0,False,False,False,1311,111544.0,27.830618211180877,22.169381788819123,0.0,50.0,111644,110539,5622,22488000.0,0.9901024685607824,24.60872793479937,37.11945570121129,5.0,0.482953547639265,0.2909602197031169,0.3451737001669244,0.2632903891433443,0,1.8762284999975236
LEACH,3,45,875.0,1102.0,1304.0,False,False,False,1304,110464.0,27.613280994834977,22.386719005165023,0.0,50.0,110564,109190,6982,27928000.0,0.9875728085090988,26.063174115998045,36.90028256524682,5.0,0.4517740808823693,1.3988825190404226,0.034374600065348204,0.026360889620665802,0,1.4482741999963764
GWO,3,45,1128.0,1137.0,1167.0,False,False,False,1167,113764.0,28.12604089530666,21.87395910469334,0.0,50.0,113864,113681,5359,21436000.0,0.9983928195039696,22.43283159058315,36.80596944892267,4.81,0.1771822091743212,0.24339101270258692,37.28107489994727,31.946079605781723,723540,38.154405399996904
ABC,3,45,1124.0,1138.0,1166.0,False,False,False,1166,113877.0,28.13977686263858,21.86022313736142,0.0,50.0,113977,113877,5371,21484000.0,0.9991226300042991,22.316009666425064,36.84882639544165,4.754,0.15838563382409768,0.24293228243094034,76.4099082002067,65.53165368799888,728102,77.35067900000286
Hybrid GWO-ABC,3,45,1127.0,1136.0,1152.0,False,False,False,1152,113655.0,28.0952086334834,21.9047913665166,0.0,50.0,113755,113592,5329,21316000.0,0.9985670959518262,22.675276011138166,36.627835965502285,4.734,0.14623509491062808,0.24244890284035706,129.9720892001278,112.82299409733317,723385,131.1629283000002
Random,4,46,767.0,1135.0,1345.0,False,False,False,1345,112004.0,27.9808535142002,22.0191464857998,0.0,50.0,112104,110994,5669,22676000.0,0.990098479982873,23.434811402296674,35.69189704936684,5.0,0.4925215302255062,0.31536386140437045,0.4065424000364146,0.3022620074620183,0,2.18254199999501
LEACH,4,46,849.0,1119.0,1365.0,False,False,False,1365,111369.0,27.682337551449596,22.317662448550404,0.0,50.0,111469,110208,7366,29464000.0,0.9886874377629655,25.357728958997214,35.827171155165864,5.0,0.45780510057702767,1.346818178995587,0.044358999977703206,0.03249743588110125,0,1.8456318999960786
GWO,4,46,1129.0,1142.0,1161.0,False,False,False,1161,114211.0,28.23274317458141,21.76725682541859,0.0,50.0,114311,114065,5341,21364000.0,0.9978479761352801,21.576614613167642,35.76515530097565,4.828,0.17677680616615998,0.2685769523850194,47.24032570005511,40.689341688247296,719820,48.32769710000139
ABC,4,46,1115.0,1140.0,1166.0,False,False,False,1166,114118.0,28.20807017579358,21.79192982420642,0.0,50.0,114218,114118,5294,21176000.0,0.9991244812551436,21.74173731101898,35.86225758761546,4.758,0.16597878476714378,0.27016448267560395,99.41315590007434,85.25999648376873,727627,100.6270996999956
Hybrid GWO-ABC,4,46,1131.0,1141.0,1164.0,False,False,False,1164,114151.0,28.201672134665444,21.798327865334556,0.0,50.0,114251,114089,5330,21320000.0,0.998582069303551,21.779004353247235,35.60349362983361,4.786,0.1535214295995837,0.2664357420739245,133.54986370009283,114.73355987980483,730682,134.78487119999772
Random,5,47,801.0,1123.0,1312.0,False,False,False,1312,110257.0,27.68784718466305,22.31215281533695,0.0,50.0,110357,109190,5568,22272000.0,0.9894252290294226,25.489621554022108,38.394292502025905,5.0,0.5154542770724085,0.29302631307626725,0.5140821999666514,0.39183094509653305,0,2.7885969999988447
LEACH,5,47,925.0,1109.0,1257.0,False,False,False,1257,109074.0,27.20696359849951,22.79303640150049,0.0,50.0,109174,107979,6681,26724000.0,0.9890541704068734,27.890532547117736,38.359916163845575,5.0,0.4480510633932945,1.6011044427320067,0.05565120006212965,0.04427303107567991,0,2.271563000002061
GWO,5,47,1119.0,1130.0,1147.0,False,False,False,1147,112972.0,27.948934419924225,22.051065580075775,0.0,50.0,113072,112921,5344,21376000.0,0.9986645677090703,23.782536158478354,38.236889561883864,4.766,0.1994237655320395,0.24479752041486777,58.69406810001965,51.17181176985148,711140,60.00742829999945
ABC,5,47,1114.0,1128.0,1166.0,False,False,False,1166,112919.0,27.91633106738321,22.08366893261679,0.0,50.0,113019,112918,5296,21184000.0,0.9991063449508489,24.008703517421118,38.38411212007572,4.698,0.17789133691853856,0.246645578697323,111.94232399989414,96.00542367057817,727959,113.34929499999998
Hybrid GWO-ABC,5,47,1118.0,1129.0,1141.0,False,False,False,1141,112826.0,27.901630089202047,22.098369910797953,0.0,50.0,112926,112601,5275,21100000.0,0.9971220091033066,24.139742569825994,38.09687181162706,4.702,0.1649289695025253,0.2431508642818598,144.3464296999373,126.50870262921761,715839,145.70115459999943
Random,6,48,804.0,1133.0,1281.0,False,False,False,1281,110841.0,27.80109127164959,22.19890872835041,0.0,50.0,110941,110005,5571,22284000.0,0.9915630830801958,24.98518582437163,37.880235318756434,5.0,0.46741174852881945,0.2739906133214216,0.5613498000457184,0.43821217802163814,0,2.9992865000021993
LEACH,6,48,908.0,1102.0,1271.0,False,False,False,1271,109768.0,27.475258912308824,22.524741087691176,0.0,50.0,109868,108832,6823,27292000.0,0.9905705027851603,27.033481107295767,37.869202421718306,5.0,0.4422300992465977,1.164860046467678,0.06486890018277336,0.05103768700454238,0,2.7022121000045445
GWO,6,48,1127.0,1139.0,1159.0,False,False,False,1159,113888.0,28.08583837938186,21.91416162061814,0.0,50.0,113988,113811,5488,21952000.0,0.9984472049689441,22.95812665330147,37.8247577615061,4.828,0.174062189726212,0.22915474646807132,61.04520259995479,52.670580327829846,718580,62.45574750000378
ABC,6,48,1131.0,1138.0,1155.0,False,False,False,1155,113807.0,28.101979544270094,21.898020455729906,0.0,50.0,113907,113754,5427,21708000.0,0.9986567989675789,22.861985193977183,37.683697848887704,4.786,0.1530998486506741,0.22770732647580927,112.57978219990764,97.47167290035294,720974,113.96039330000349
Hybrid GWO-ABC,6,48,1131.0,1139.0,1154.0,False,False,False,1154,113857.0,28.10519612732128,21.89480387267872,0.0,50.0,113957,113765,5486,21944000.0,0.998315153961582,22.85673063837528,37.70842860335317,4.83,0.14314961714526422,0.22556118806172154,147.35645799995837,127.69190467934,723960,148.73293520000152
Random,7,49,800.0,1105.0,1381.0,False,False,False,1381,111030.0,27.757307819483344,22.242692180516656,0.0,50.0,111130,109901,5666,22664000.0,0.9889408800503914,25.048648737357887,39.196816811750836,5.0,0.49098475633383715,0.31636896835914907,0.62955000011425,0.4558653150718682,0,3.337410300002375
LEACH,7,49,909.0,1111.0,1325.0,False,False,False,1325,110323.0,27.451628698408708,22.548371301591292,0.0,50.0,110423,109347,7037,28148000.0,0.9902556532606431,26.772656400645992,38.50326863847192,5.0,0.44046313512401075,1.1198065688831536,0.06459870016260538,0.048753735971777644,0,2.680609799994272
GWO,7,49,1130.0,1141.0,1160.0,False,False,False,1160,114059.0,28.136490738032755,21.863509261967245,0.0,50.0,114159,113947,5520,22080000.0,0.998142940985818,22.379756605504443,38.498528103552275,4.842,0.1648489020559082,0.2627131256908226,59.78191099994001,51.53613017236208,719200,61.12198250000074
ABC,7,49,1130.0,1141.0,1181.0,False,False,False,1181,114227.0,28.165919488201812,21.834080511798188,0.0,50.0,114327,114164,5541,22164000.0,0.9985742650467518,22.146575160761348,38.58510723567978,4.862,0.1557669868226608,0.2609011641549774,112.50249500021164,95.26036833210131,736757,113.86673729999893
Hybrid GWO-ABC,7,49,1133.0,1143.0,1153.0,False,False,False,1153,114144.0,28.176618514788604,21.823381485211396,0.0,50.0,114244,113924,5504,22016000.0,0.9971989776268338,22.082571872063752,38.519988945200225,4.852,0.137594635103512,0.2572712784634341,145.20039879991236,125.93269627052243,722944,146.56035999999585
Random,8,50,788.0,1131.0,1278.0,False,False,False,1278,111133.0,27.783659372632297,22.216340627367703,0.0,50.0,111233,110121,5555,22220000.0,0.9900029667454802,24.765651001604514,38.25116220704488,5.0,0.4771882538521887,0.2933930312006602,0.5980302999596461,0.46794233173681227,0,3.133732800000871
LEACH,8,50,876.0,1105.0,1284.0,False,False,False,1284,109768.0,27.37494354476448,22.62505645523552,0.0,50.0,109868,108863,7218,28872000.0,0.9908526595551025,27.075191893517676,38.4125265991467,5.0,0.44394060514734107,1.3238744172920245,0.06390949989145156,0.049773753809541715,0,2.78425829999469
GWO,8,50,1125.0,1133.0,1183.0,False,False,False,1183,113492.0,28.100660146470688,21.899339853529312,0.0,50.0,113592,113492,5380,21520000.0,0.9991196563138249,22.380962888291972,38.17987864079814,4.84,0.18020078622945487,0.24655206994087905,61.61884080002346,52.086932206275115,733460,63.02936639999825
ABC,8,50,1122.0,1136.0,1159.0,False,False,False,1159,113583.0,28.121495082857617,21.878504917142383,0.0,50.0,113683,113487,5405,21620000.0,0.9982759075675343,22.226974860076417,38.2572438811763,4.842,0.1497072421996389,0.24297310437752548,112.76648069976363,97.29635953387717,724082,114.10156419999839
Hybrid GWO-ABC,8,50,1125.0,1132.0,1181.0,False,False,False,1181,113413.0,28.082507188653704,21.917492811346296,0.0,50.0,113513,113413,5361,21444000.0,0.9991190436337688,22.52110585826601,38.085364116243284,4.836,0.14775434265557488,0.2436054415085479,150.42588430008618,127.37162091455222,741944,151.80088789999718
Random,9,51,804.0,1128.0,1302.0,False,False,False,1302,110629.0,27.67603895730842,22.32396104269158,0.0,50.0,110729,109529,5602,22408000.0,0.9891627306306388,25.48675124391059,39.63596039991321,5.0,0.4865331993779943,0.28666928778389617,0.6081535001430893,0.4670917819839396,0,3.189257300000463
LEACH,9,51,853.0,1115.0,1299.0,False,False,False,1299,109937.0,27.34163170180837,22.65836829819163,0.0,50.0,110037,108642,7284,29136000.0,0.9873224460863165,27.45081914250792,39.765014698570035,5.0,0.4610724080608763,1.174726447194478,0.06539070003054803,0.05033926099349348,0,2.720426400002907
GWO,9,51,1115.0,1129.0,1141.0,False,False,False,1141,112814.0,28.024010186349365,21.975989813650635,0.0,50.0,112914,112781,5250,21000000.0,0.9988221124041305,23.005094651404796,39.2561192395077,4.818,0.17173020061555028,0.23886560653012442,59.46574390010937,52.1172163892282,707420,60.80628160000197
ABC,9,51,1120.0,1129.0,1162.0,False,False,False,1162,113015.0,27.99590441228927,22.00409558771073,0.0,50.0,113115,113015,5348,21392000.0,0.9991159439508465,23.22958166350256,39.31075459780282,4.776,0.15229558051617192,0.23749331488450512,111.63354660016194,96.07017779704125,726213,113.00844199999847
Hybrid GWO-ABC,9,51,1118.0,1129.0,1142.0,False,False,False,1142,112818.0,27.986920976198682,22.013079023801318,0.0,50.0,112918,112688,5264,21056000.0,0.9979631236826724,23.281176611721616,39.25585192536011,4.762,0.14734759275583537,0.23670701041841122,146.48359910000727,128.26935122592582,716979,147.85083860000304
Random,10,52,784.0,1114.0,1336.0,False,False,False,1336,110833.0,27.679290026557254,22.320709973442746,0.0,50.0,110933,109851,5631,22524000.0,0.9902463649229716,25.63059974373341,39.14872086572155,5.0,0.47150780445533935,0.27742279156120564,0.616450900095515,0.46141534438287046,0,3.372900900001696
LEACH,10,52,898.0,1092.0,1267.0,False,False,False,1267,109748.0,27.32390336185337,22.67609663814663,0.0,50.0,109848,108722,6965,27860000.0,0.9897494719976695,27.603616959406487,39.227525878021936,5.0,0.42548711816117407,1.403250167602671,0.06020969995006453,0.047521467995315335,0,2.557089100002486
GWO,10,52,1127.0,1138.0,1175.0,False,False,False,1175,113905.0,28.138955286095424,21.861044713904576,0.0,50.0,114005,113863,5513,22052000.0,0.9987544405947107,22.384695023799306,38.37188596785183,4.868,0.1548506290132819,0.22446902335267063,60.54532909999398,51.52793965956934,728500,61.89582679999876
ABC,10,52,1128.0,1138.0,1169.0,False,False,False,1169,113830.0,28.141976611088452,21.858023388911548,0.0,50.0,113930,113770,5515,22060000.0,0.9985956288949355,22.342663847938926,38.386051594910825,4.896,0.134853414432302,0.2221655708393411,113.60680660008074,97.18289700605709,730199,114.99141149999923
Hybrid GWO-ABC,10,52,1123.0,1137.0,1161.0,False,False,False,1161,113828.0,28.128471874839846,21.871528125160154,0.0,50.0,113928,113826,5525,22100000.0,0.9991046977038129,22.466249773264064,38.495402525658605,4.89,0.13230481064074998,0.22234466351442558,151.46324389982328,130.4592970713379,728488,152.8435679999966
Random,11,53,795.0,1146.0,1290.0,False,False,False,1290,110989.0,27.70713697563355,22.29286302436645,0.0,50.0,111089,109784,5591,22364000.0,0.9882526622797937,25.279576590732315,39.101725723235084,5.0,0.4875847316751831,0.28356202344580567,0.6460697000220534,0.5008292248232973,0,3.390862600004766
LEACH,11,53,902.0,1116.0,1305.0,False,False,False,1305,110175.0,27.404329115370263,22.595670884629737,0.0,50.0,110275,108914,7380,29520000.0,0.9876581274087508,27.105579448532513,38.78110387169662,5.0,0.4542471632007048,1.3327004888949001,0.06089569984033005,0.04666337152515713,0,2.593674000003375
GWO,11,53,1117.0,1133.0,1179.0,False,False,False,1179,113568.0,28.08436500445788,21.91563499554212,0.0,50.0,113668,113565,5444,21776000.0,0.9990938522715276,22.629059675317812,38.54781113077466,4.84,0.1710136110732736,0.2360642452043516,60.97730070009129,51.71950865147692,730980,62.392885600005684
ABC,11,53,1123.0,1135.0,1170.0,False,False,False,1170,113528.0,28.087994436170455,21.912005563829545,0.0,50.0,113628,113528,5443,21772000.0,0.9991199352272327,22.573341753055406,38.48867458669467,4.838,0.1521420416613526,0.23344858098659627,114.12327770007687,97.54126299151869,731431,115.5239614999955
Hybrid GWO-ABC,11,53,1119.0,1133.0,1192.0,False,False,False,1192,113351.0,28.05566107358276,21.94433892641724,0.0,50.0,113451,113269,5395,21580000.0,0.9983957832015584,22.842538129733118,38.57480391532958,4.842,0.14722310696238564,0.2329833766828738,152.98384439993242,128.34215134222518,749110,154.4265274999998
Random,12,54,837.0,1113.0,1340.0,False,False,False,1340,110855.0,27.703622546286972,22.296377453713028,0.0,50.0,110955,109866,5640,22560000.0,0.9901852102203597,24.984876070469895,39.13486934664638,5.0,0.47639558907683194,0.2880208623422382,0.6479056000243872,0.4835116418092442,0,3.430328599999484
LEACH,12,54,925.0,1097.0,1285.0,False,False,False,1285,110131.0,27.37448357422163,22.62551642577837,0.0,50.0,110231,108963,7389,29556000.0,0.9884968838167122,26.891572148160325,39.047306597496764,5.0,0.4503724424472821,1.4591402275496435,0.06216769980528625,0.04837953292240175,0,2.7988927000042167
GWO,12,54,1128.0,1137.0,1161.0,False,False,False,1161,113817.0,28.132360202339417,21.867639797660583,0.0,50.0,113917,113707,5352,21408000.0,0.9981565525777539,21.93723040781654,38.805808961098755,4.788,0.16110358869144856,0.23773401907190828,61.98509230007039,53.38939905260154,719820,63.38579369999934
ABC,12,54,1121.0,1140.0,1164.0,False,False,False,1164,113963.0,28.172083749571744,21.827916250428256,0.0,50.0,114063,113741,5409,21636000.0,0.9971769986761702,21.652387474610542,38.914349186016004,4.836,0.1550571025716094,0.23577872985656526,114.15901539989864,98.0747554981947,726947,115.56257099999493
Hybrid GWO-ABC,12,54,1133.0,1140.0,1168.0,False,False,False,1168,114143.0,28.175166183626732,21.824833816373268,0.0,50.0,114243,114051,5443,21772000.0,0.9983193718652347,21.613580418602325,38.84879141132413,4.846,0.14711175325080397,0.23384999112797478,149.20570280007087,127.74460856170451,733189,150.62093249999452
Random,13,55,802.0,1147.0,1342.0,False,False,False,1342,111569.0,27.841693785080803,22.158306214919197,0.0,50.0,111669,110405,5645,22580000.0,0.9886808335348216,24.54549676686215,37.16630093013398,5.0,0.4912879131340254,0.2953287437785847,0.6595737998941331,0.4914856929166417,0,3.523750899999868
LEACH,13,55,907.0,1113.0,1289.0,False,False,False,1289,110468.0,27.45523265173675,22.54476734826325,0.0,50.0,110568,109293,7356,29424000.0,0.9884686346863468,26.766039835167973,37.2071331860697,5.0,0.4629886350907598,1.2863758665601097,0.07005299994489178,0.05434678040720852,0,2.9292733000038425
GWO,13,55,1124.0,1143.0,1159.0,False,False,False,1159,114325.0,28.202511963983756,21.797488036016244,0.0,50.0,114425,114192,5520,22080000.0,0.9979637317019882,21.885091679218043,37.1465978151694,4.886,0.18382227337924095,0.24882670604520787,60.58555950001028,52.273994391725864,718580,61.97263680000469
ABC,13,55,1131.0,1141.0,1157.0,False,False,False,1157,114061.0,28.17665533459051,21.82334466540949,0.0,50.0,114161,113934,5436,21744000.0,0.9980115801368243,22.098836402406683,37.10585623020842,4.834,0.1675918532228693,0.24795510253871864,112.06484650006314,96.8581214347996,722103,113.46961420000298
Hybrid GWO-ABC,13,55,1131.0,1141.0,1163.0,False,False,False,1163,114126.0,28.171372528711785,21.828627471288215,0.0,50.0,114226,114105,5482,21928000.0,0.9989406965139285,22.155020725613717,36.96783771388652,4.852,0.15572790352462718,0.24560987053675537,146.60179889984283,126.05485717957251,729721,147.96031149999908
Random,14,56,803.0,1123.0,1338.0,False,False,False,1338,111795.0,27.985043749420065,22.014956250579935,0.0,50.0,111895,110625,5624,22496000.0,0.988650073729836,23.619059601803965,35.09390284617365,5.0,0.4816955439306565,0.28326077741341876,0.7101053001752007,0.5307214500562037,0,3.824730600004841
LEACH,14,56,829.0,1110.0,1297.0,False,False,False,1297,111244.0,27.625024669798762,22.374975330201238,0.0,50.0,111344,110165,7182,28728000.0,0.9894111941370887,25.911534668526006,35.612249563567765,5.0,0.4419249077028551,1.475581260859179,0.06249790003494127,0.04818650735153529,0,2.6430824999988545
GWO,14,56,1137.0,1146.0,1158.0,False,False,False,1158,114503.0,28.216584043002246,21.783415956997754,0.0,50.0,114603,114437,5553,22212000.0,0.9985515213388829,21.835523644554858,35.39947623738044,4.852,0.1742061065220306,0.23596749874586564,60.24146260008274,52.02198842839615,717960,61.637297500004934
ABC,14,56,1138.0,1147.0,1157.0,False,False,False,1157,114552.0,28.215654091860777,21.784345908139223,0.0,50.0,114652,114423,5545,22180000.0,0.9980026515019363,21.809084045058643,35.36556665948442,4.838,0.15934728199451517,0.23303852494375804,110.39626869983476,95.4159625754838,721629,111.77664589999767
Hybrid GWO-ABC,14,56,1137.0,1146.0,1156.0,False,False,False,1156,114504.0,28.207119661118515,21.792880338881485,0.0,50.0,114604,114397,5512,22048000.0,0.9981937803218037,21.895807450325062,35.32834318040926,4.8,0.14838100632608422,0.23302319745507874,146.28457630024786,126.54375112478189,724899,147.63781029999518
Random,15,57,889.0,1114.0,1357.0,False,False,False,1357,111042.0,27.70276231476364,22.29723768523636,0.0,50.0,111142,110045,5637,22548000.0,0.9901297439311871,25.319888727648873,38.730941658804284,5.0,0.49000954112444867,0.29131599456457097,0.7000547999705304,0.5158841562052545,0,3.5839097000061884
LEACH,15,57,918.0,1098.0,1305.0,False,False,False,1305,110110.0,27.496479542979305,22.503520457020695,0.0,50.0,110210,108997,6724,26896000.0,0.9889937392251157,26.632661406176915,39.02473408906683,5.0,0.41872835689449733,1.4555632651171369,0.06447609988390468,0.0494069730911147,0,2.674634800001513
GWO,15,57,1138.0,1147.0,1163.0,False,False,False,1163,114677.0,28.22485336780705,21.77514663219295,0.0,50.0,114777,114640,5575,22300000.0,0.998806381069378,21.621978465178973,38.55693664668176,4.832,0.16734205529769053,0.23867422843868114,60.174105800062534,51.740417712865465,721060,61.57240399999864
ABC,15,57,1132.0,1147.0,1166.0,False,False,False,1166,114597.0,28.23443513949965,21.76556486050035,0.0,50.0,114697,114596,5525,22100000.0,0.9991194189909065,21.56423253532753,38.600687392014635,4.832,0.15408442307530468,0.2387310693887364,110.87999630004197,95.09433644943564,728082,112.23305490000348
Hybrid GWO-ABC,15,57,1139.0,1146.0,1162.0,False,False,False,1162,114628.0,28.230976448959517,21.769023551040483,0.0,50.0,114728,114485,5544,22176000.0,0.99788194686563,21.5985727671028,38.44796744603548,4.844,0.14228312453972716,0.2357758586087757,144.8428508000361,124.64961342516015,729141,146.17427820000012
Random,16,58,791.0,1122.0,1300.0,False,False,False,1300,111157.0,27.7900209403457,22.2099790596543,0.0,50.0,111257,110116,5607,22428000.0,0.9897444655167764,24.56271076090858,38.43411200104077,5.0,0.5078711795749632,0.2851218856690531,0.6334513000983861,0.4872702308449124,0,3.2693929000015487
LEACH,16,58,923.0,1103.0,1259.0,False,False,False,1259,110444.0,27.42835472642024,22.57164527357976,0.0,50.0,110544,109417,6900,27600000.0,0.9898049645390071,26.729337018989977,38.563626400529756,5.0,0.46338911054899307,1.3151953126601479,0.061317300074733794,0.04870317718406179,0,2.609983499998634
GWO,16,58,1122.0,1130.0,1177.0,False,False,False,1177,113239.0,28.079296936756208,21.920703063243792,0.0,50.0,113339,113238,5194,20776000.0,0.9991088680860075,22.55361252275541,38.175286973845246,4.726,0.19408466354940385,0.24074176739587927,61.10243050007557,51.91370475792317,729740,62.47758600000088
ABC,16,58,1124.0,1132.0,1178.0,False,False,False,1178,113323.0,28.05702996722323,21.94297003277677,0.0,50.0,113423,113321,5199,20796000.0,0.9991007114959047,22.701489949598187,38.0985355680548,4.646,0.17693514811181923,0.24055810312147544,110.99698430017452,94.22494422765239,736461,112.34441200000583
Hybrid GWO-ABC,16,58,1118.0,1132.0,1147.0,False,False,False,1147,113148.0,28.043281977153338,21.956718022846662,0.0,50.0,113248,113058,5174,20696000.0,0.9983222661768861,22.836469408758635,38.073574451231146,4.698,0.17163357040493876,0.23895859331279565,130.78685160011082,114.02515396696671,720470,131.99813610000274
Random,17,59,785.0,1120.0,1330.0,False,False,False,1330,109864.0,27.554855796747177,22.445144203252823,0.0,50.0,109964,108856,5577,22308000.0,0.9899239751191299,26.501448977851357,40.85298631586825,5.0,0.48154617030667896,0.28483457111039867,0.634011800015287,0.4767006015152534,0,3.371535699996457
LEACH,17,59,897.0,1101.0,1287.0,False,False,False,1287,108710.0,27.15889074777212,22.84110925222788,0.0,50.0,108810,107784,6779,27116000.0,0.9905707196029777,28.447962474993965,40.59931345704643,5.0,0.44068831977379946,1.1907916647498624,0.06271310011652531,0.04872812751866769,0,2.5894257000036305
GWO,17,59,1125.0,1136.0,1147.0,False,False,False,1147,113409.0,27.99634084986134,22.00365915013866,0.0,50.0,113509,113332,5506,22024000.0,0.9984406522830789,23.54654598090653,40.25061016272237,4.87,0.1728992920973718,0.23096633069941566,58.41198580004129,50.925881255484995,711140,59.736909500003094
ABC,17,59,1127.0,1135.0,1144.0,False,False,False,1144,113405.0,27.99426389110989,22.00573610889011,0.0,50.0,113505,113301,5483,21932000.0,0.9982027223470332,23.514340600500866,40.17030832911322,4.826,0.14740368486682665,0.22941421818433672,104.77152890011348,91.58350428331597,713691,106.08094490000076
Hybrid GWO-ABC,17,59,1127.0,1135.0,1146.0,False,False,False,1146,113386.0,27.988310327370787,22.011689672629213,0.0,50.0,113486,113304,5518,22072000.0,0.9983962779549901,23.58857394524024,40.05525728469131,4.87,0.14496061708173527,0.2266446531858315,118.8435599000295,103.70293184993848,719003,119.96933650000574
Random,18,60,865.0,1117.0,1308.0,False,False,False,1308,109587.0,27.507764592570922,22.492235407429078,0.0,50.0,109687,108505,5539,22156000.0,0.9892238825020285,26.69573365915673,41.07656483461886,5.0,0.4728038511105907,0.28820187410182074,0.6159641997437575,0.4709206420059308,0,3.3453896999999415
LEACH,18,60,876.0,1095.0,1261.0,False,False,False,1261,108532.0,27.043706587556134,22.956293412443866,0.0,50.0,108632,107534,6674,26696000.0,0.9898924810368952,28.974483435378655,40.5051337620655,5.0,0.4561118947699858,1.4419260951405013,0.06085560002975399,0.04825979383802854,0,2.644260100001702
GWO,18,60,1115.0,1125.0,1153.0,False,False,False,1153,112582.0,27.888826357049954,22.111173642950046,0.0,50.0,112682,112476,5305,21220000.0,0.9981718464351006,24.23913913390124,40.46739390524861,4.792,0.17828746137810395,0.2432826958280671,58.640871300012805,50.859385342595665,714860,59.96186760000273
ABC,18,60,1117.0,1126.0,1138.0,False,False,False,1138,112542.0,27.915765223583236,22.084234776416764,0.0,50.0,112642,112425,5280,21120000.0,0.9980735427282896,24.03176138770453,40.301623513413865,4.768,0.1615909162653804,0.24235728929470798,92.29111649998231,81.09939938487022,710384,93.41374580000411
Hybrid GWO-ABC,18,60,1118.0,1128.0,1142.0,False,False,False,1142,112767.0,27.90476242919899,22.09523757080101,0.0,50.0,112867,112646,5307,21228000.0,0.9980419431720521,24.102851138556296,40.419981783209444,4.748,0.15503954835989067,0.24181708203264976,96.91566659994714,84.86485691764199,716967,97.82570660000056
Random,19,61,815.0,1109.0,1292.0,False,False,False,1292,110453.0,27.687043483350546,22.312956516649454,0.0,50.0,110553,109334,5551,22204000.0,0.9889736144654601,25.550432708081058,40.740971579060655,5.0,0.45845673848266316,0.27677202430816,0.5905703000898939,0.45709775548753395,0,3.1584442000021227
LEACH,19,61,865.0,1095.0,1270.0,False,False,False,1270,109011.0,27.23652068759292,22.76347931240708,0.0,50.0,109111,107631,6773,27092000.0,0.9864358314010503,27.998410134792422,40.97498463228681,5.0,0.43906844549150437,1.3114490349351726,0.06132329994579777,0.04828606294944707,0,2.6219476999976905
GWO,19,61,1129.0,1140.0,1151.0,False,False,False,1151,113918.0,28.090057560426846,21.909942439573154,0.0,50.0,114018,113715,5575,22300000.0,0.997342524864495,22.693250960160395,40.66542972542264,4.896,0.16008747226665662,0.22874815145716754,53.03157589998591,46.07434917461851,713620,54.25010620000103
ABC,19,61,1129.0,1140.0,1151.0,False,False,False,1151,113872.0,28.084622797893225,21.915377202106775,0.0,50.0,113972,113807,5571,22284000.0,0.9985522759976134,22.711444184978063,40.56270656619937,4.898,0.13701999799514808,0.22388593536359436,79.20415419996425,68.81333987833558,717814,80.18030890000227
Hybrid GWO-ABC,19,61,1131.0,1140.0,1149.0,False,False,False,1149,113948.0,28.08927354708513,21.91072645291487,0.0,50.0,114048,113725,5561,22244000.0,0.9971678591470258,22.695154246841604,40.65963692280483,4.884,0.1396955002904228,0.22480434196564247,82.31131089986593,71.63734630101473,720326,83.07951090000279
